0.11314412504890278,-0.05053103152400492,0.0698499844830092,-5.761875013062825,8.251250154195278,-2.183125040118125
0.0663942092541647,-0.03795565450592507,0.04656142294103095,-8.526874754188325,3.281249984587394,-5.89312520881426
0.036668115191989474,-0.03174126573537346,0.03555382428183833,-8.526874754188325,3.281249984587394,-5.89312520881426
0.021254724683382457,-0.029310222551849396,0.03117100543567529,-13.3568754691614,-10.298750475841986,-6.38312511430509
-0.02644070548505715,-0.04900665944261774,-0.005008928880292949,-14.721875114410109,-11.698749717945132,-3.6531249700340274
-0.02749660085586719,-0.04708715899639538,-0.006953462062139637,-15.036874901194635,-9.56375040416233,-0.32812500913091
-0.028707413619932898,-0.04517820632421277,-0.008894787165246122,-15.59687528105481,-13.518750098717057,1.3518750098717056
-0.030585925999523787,-0.04320761965441534,-0.01095782483146582,-15.071874498049072,-8.828750332482672,4.25687484596225
-0.032152963097793,-0.041265127977221504,-0.012944160251442445,-13.426875516643923,2.896249936876935,10.381874731814687
-0.03296173311519331,-0.0396054819089557,-0.014572114390335315,-12.516874899371137,9.966250036856595,12.551875349999221
-0.033150049767605994,-0.03813686234749299,-0.015947116381288425,-10.69687537237286,4.0162498428236395,12.201875112586611
-0.03406171526505434,-0.036927854127718644,-0.01715879800001294,-11.32687494594191,-1.7237499953183388,12.551875349999221
-0.03575236060932871,-0.03564661552903606,-0.01851299608640836,-11.991874970139046,-7.42875023660588,12.971874781120707
-0.03821980454992203,-0.03428775114629125,-0.02000990506948924,-12.656874994336182,-11.733750168573216,13.286875421678879
0.015100924854492435,0.051106201156320676,0.03792702483353143,-13.496875564126444,-12.538750287735395,13.3568754691614
0.011931962801654282,0.05265721001270228,0.036220764409025386,-13.321875018533316,-9.528749953534245,14.161874734549933
0.00906539254961393,0.0541917410101001,0.03457647823290966,-12.306874756923571,-4.068750091878942,15.701875779165416
0.006743721762685357,0.05558783854913274,0.033121225666197796,-10.626875324890337,-0.6737500301324505,17.34687561434421
0.004714192721943364,0.056751690630276026,0.031909787083741474,-8.631875252298933,0.06125000152656702,19.13187554448805
0.002659965120445819,0.05763653707552879,0.030953293546624138,-6.146875274216696,-1.1987500660862476,21.966875333096073
0.0002117331968534977,0.05819561770688989,0.030263702439241088,-6.356874989777439,10.73624970539069,29.24687685618377
-0.001538522868102965,0.05874755307196598,0.029641286556387772,-10.591874874262253,20.78125011583024,30.856875386960834
-0.00210669305589464,0.059793532563033575,0.02867351613642608,-15.35187468797916,12.661249730499573,28.26687448388117
-0.003310652197197186,0.0614092376740093,0.027161247261195128,-20.91687547463189,6.081249962897568,27.63687491031212
-0.056491155750768504,0.03564685856530426,-0.039183522340111535,-25.116874908488622,3.421250079552438,27.006875336743068
-0.058653795755602166,0.03848309181516688,-0.041799224480211915,-27.671874507166557,-1.0237500541016484,25.676875288348796
-0.061216995985865226,0.041674401052865774,-0.04472032599492904,-29.316876049892645,-3.2987499964580245,24.731875927995222
-0.06397464345840626,0.04513577219178552,-0.04784970959149126,-28.93187536185195,-4.768750139817339,23.926874955059397
-0.06683871651279087,0.04861177411405075,-0.05095809485448123,-27.601875313457683,-6.343749927513612,23.82187445694879
-0.06991013595938804,0.051961542998614295,-0.05393329624249908,-25.956875478278885,-6.58875009370244,23.751875263239913
-0.07303145682775282,0.05514920669229023,-0.05673769174122786,-22.246875523026162,-4.31375025806777,23.996875856315565
-0.07588849398217312,0.05788283002971995,-0.05912182892498984,-20.84687457337572,-2.493750090739257,24.206875144989482
-0.07851913677686094,0.06046091015550339,-0.06134240270025504,-19.41187573441814,-1.7237499953183388,23.926874955059397
-0.08102349792659343,0.06288155138674861,-0.06340689858408392,-18.04687438162214,-0.7087500005128585,24.206875144989482
-0.0453466821032805,-0.005867381586819492,0.05279695586691573,-15.806874569728729,0.65625001826182,25.15187450534306
-0.047664242539323186,-0.003863693377293578,0.05111315199359112,-12.166875515732174,1.6012500189456313,25.886874577022716
-0.049933362809160796,-0.0023180799260659564,0.04981242188619911,-7.896875180619275,2.0912500311581677,26.901874838632462
-0.052235937021315765,-0.0013205132596232718,0.048958538261514674,-3.8718750116952028,2.3012499601623215,27.741875408422725
-0.054583138768218464,-0.0008428983853619155,0.04852651699116713,-0.30187499132496426,2.3362499839035826,28.33687538513734
-0.05695102290154475,-0.0008192752600931368,0.04846352199045039,2.708124969350216,3.421250079552438,29.666875433531608
-0.059254994572241856,-0.0011793577950542733,0.04871321745239631,6.348125090563829,3.631250008556592,31.101874272489194
-0.06159484447203158,-0.0020106390467963574,0.04934608389478211,7.083125162243486,2.581249936648998,32.151875838500665
-0.06405930514243278,-0.002931066001713215,0.05005706219376652,6.87312501979592,0.4112500121555519,34.00687666990068
-0.067052825389166,-0.003825633897693879,0.050755402606804674,6.313125066822568,-1.4087499950904019,35.091876125219294
-0.06924820845523255,-0.049310892243147136,-0.08160341284204574,5.473124923919128,-1.3737499713491408,35.82687619689895
-0.07279767416546712,-0.0500156488136657,-0.08102858346050545,4.388125041713685,-0.6737500301324505,36.52687496417688
-0.07638205811153494,-0.05056598013937169,-0.08056049560795744,2.84812506431526,0.026250001130679195,37.19187584214766
-0.08000772784366277,-0.05090088411694759,-0.08024921475565032,1.3431250039363904,0.5512500003988899,36.8418764585087
-0.08358716600167276,-0.05102867258676574,-0.08008822753159642,-0.7918750035375004,2.6162499603902587,34.566877049760855
-0.08669213660509457,-0.05086792839898003,-0.08015515971985795,-2.576874987042193,3.421250079552438,32.53687652654136
-0.08951881245371034,-0.050469786384419194,-0.08040816047505137,-6.531875108483743,2.65124998413152,28.546874673811256
-0.09203917146579692,-0.04954279745026101,-0.08108540534000999,-7.581875393834749,-0.8137500183757885,27.776875005277162
-0.09496103246885215,-0.04846201516558757,-0.08186282975471955,-8.176875370549363,-4.383749878663468,28.021875598352814
-0.09840667308531284,-0.04728168522546051,-0.08268764624172759,-8.876874991600936,-5.468750187755735,27.35687472038203
-0.05311206454044696,-0.0074377361301496,-0.10138957872303253,-9.99687489754764,-5.573750258979518,25.116874908488622
-0.05639492554037578,-0.006009800839983116,-0.10238252770037946,-12.02687542076713,-5.083749926601865,22.561875309810688
-0.059332188966928025,-0.004320455739743605,-0.10358230054196232,-14.861875209375153,-4.5237499736285125,20.426875996027885
-0.061989292335315825,-0.002243710827997579,-0.10508523682449449,-22.736875001630168,5.276250270622211,11.291875349087473
-0.062433252762338555,0.0009068169238978083,-0.10753134825664679,-39.04687667354767,15.391250728544284,7.966875228101797
-0.0611644940760279,0.006343538243471665,-0.11181223769192787,-38.41687709997862,3.421250079552438,11.501875491535039
-0.06190718253210536,0.011747303845077965,-0.11590341301625413,-26.446874956882894,-11.488750429271214,7.651875441317271
-0.06430774896759749,0.015483403181567955,-0.11859708119119222,-26.376875763174016,-5.958750093246565,10.171875443140769
-0.06620023593260972,0.01924419500290679,-0.12130426218264206,-28.7918769744342,-2.4587500669979963,12.201875112586611
-0.06731818453859724,0.023042317195040733,-0.1240532940194755,-28.51187507695682,-3.858749949431377,14.721875114410109
-0.10614556760719913,0.0029073456619371574,-0.06865482933052211,-27.111875834853674,-7.043749975452009,17.206875519379167
-0.10831980651793251,0.006535779931615738,-0.07115844314372989,-27.14687543170811,-7.813750070872927,18.851875354557965
-0.11075900356825459,0.010182296099648198,-0.07362754580685366,-26.376875763174016,-6.343749927513612,17.416874808053088
-0.11285158229287368,0.013673317663288019,-0.07597916473793084,-26.376875763174016,-6.343749927513612,17.416874808053088
-0.11395877046808676,0.016662226296832193,-0.07801809320634537,-20.356875094771716,0.621249994520559,7.86187472999119
-0.11409227029020753,0.019059195795554998,-0.07969329359577579,-17.031875827559688,2.3012499601623215,5.411875202537039
-0.11381264491183313,0.020975099305008044,-0.0810507969754187,-13.286875421678879,1.006250042231018,3.5218749877260045
-0.1136117268289144,0.02238548737661068,-0.08204559302840393,-12.236875563214696,-1.968749948063754,3.626874845506376
-0.11391557077141469,0.023710180860046944,-0.08294288293058841,-13.076875279231313,-1.3037500305883247,2.646875034524715
-0.1140801549322379,0.025193528419362416,-0.08395605252544935,-15.59687528105481,3.1412501030657616,1.0018749859025076
-0.05760798031401561,0.11567729207232336,0.029166588117344783,-15.176874996159677,6.18625003412135,1.1418749741458456
-0.056636594729564484,0.11757909947822096,0.027800724290075893,-13.986875042730452,8.496249893497282,1.9468749865863189
-0.055456914911454845,0.11938806702966719,0.026491633735057897,-11.046874756011823,9.091249870211895,2.8568749635288695
-0.05432171680633203,0.12084293073834994,0.025432773321775848,-7.091875061457095,10.946249847838256,2.296875010555517
-0.052899517172095,0.12176821841863074,0.024719024409333986,-2.681875058265976,12.696250181127658,0.4768750033095633
-0.051065358911450115,0.12205082099129057,0.02441746500775476,0.6081249856175861,13.256250560987834,-2.0081249214118198
-0.04893513386888727,0.12186927289894718,0.024416201219160136,6.558125233011395,13.74625003959184,-7.188125233467269
-0.04624536642605376,0.12078197724228605,0.025002210269037494,8.86812551927415,13.11625046602279,-9.84812533025581
-0.04340459447388255,0.11932648163930598,0.02584117146685461,9.183125306058674,10.596250464199294,-11.353125070469563
-0.04080314641091194,0.11780026248228051,0.026752265829072693,8.51812528186154,7.796250272445708,-11.843125402847216
0.0338919301280917,0.04335980896556049,-0.0067593246911036246,5.7181250901079546,5.626250081147997,-12.998124905648359
0.03588052578536256,0.042288067630063986,-0.006111390000089593,4.178124899266119,3.666250032297853,-14.013125167258103
0.037644877953874466,0.041434913114184145,-0.005598389045178708,1.7981249924076657,5.24125024688095,-14.923124930757242
0.039675868250179,0.0409293490690801,-0.005329202074523366,-0.16187500308162617,6.746249987094703,-15.83312469425638
0.0419534765616834,0.04072850389704184,-0.005273303732837984,-0.33687501506622525,7.656250177480664,-17.758124719365263
0.04447502341353079,0.0405716482895473,-0.005249097320525532,0.3631250061917445,7.551249679370058,-19.788125242584755
0.047097062724324415,0.04033196592185111,-0.005162868052569125,1.4131250514189124,3.351250032069916,-21.748124864548075
0.04920172642737961,0.03995462781184796,-0.004959884161370731,1.0981250511909753,-0.32375000616325234,-23.04312531608791
0.050776361446983345,0.03962696631506434,-0.004773426736409754,-0.4418750062487288,-4.033750068137682,-24.54812505630166
0.051814797699876756,0.0395243077953778,-0.00472676377291587,-3.2068749874980673,-5.8537500220227825,-26.018125199660975
0.09119340525247027,-0.022920993489956635,-0.10573205354867482,-8.841875394746499,-5.818749998281522,-26.3331249864455
0.09214430895541907,-0.021858633354412547,-0.10648381333346274,-19.971874406731022,-3.2287499489755027,-25.773124606585323
0.09356801541451892,-0.019242979821565805,-0.10830473826930427,-38.486876293687494,1.4262500069610322,-25.70312541287645
0.09577096906033981,-0.013974877064867242,-0.11191654885823817,-60.081875147233056,6.53625027153396,-28.78312408701283
0.09902173712105318,-0.005573016058778908,-0.11756121200888163,-78.281877247405,13.816250087074362,-35.08312665289251
0.10384934879345753,0.00549514723844849,-0.12479562399705736,-91.47687381814251,24.07124978618783,-43.693126516827185
0.11097204916095636,0.018560339551453194,-0.13303358134387344,-111.07687345287032,38.63124941726864,-55.10312486496815
0.12171645169350472,0.03520910163902726,-0.14302091374917375,-126.51187837323769,45.1062516749678,-61.50812792895844
0.13389447656489536,0.054521395404282934,-0.1539062165582095,-141.1768819175237,50.146251678614796,-67.80812366464895
0.14723830995938827,0.07649697781095204,-0.16543362118782254,-149.6118786745443,49.55124999435289,-72.28812670353035
-0.2395796362656215,-0.09672717095393531,0.3074968748257916,-142.08688168102285,43.32125003727667,-72.07812570730914
-0.22733568780648233,-0.07370313008626302,0.2972016640759389,-115.27687288672705,32.926251950745446,-66.82812812253552
-0.21731445184176848,-0.054624637211013155,0.2893130956682833,-74.01187520474481,21.41124968939929,-59.8981225679922
-0.20975716617129264,-0.04199766359319502,0.2844896034606249,-24.521874931774008,12.801249825464618,-53.213126144261
-0.20411031569423538,-0.03728752350102384,0.28302069225564036,26.718125674486195,5.661250104889259,-46.73812388656183
-0.20005073508477478,-0.04084003324051758,0.28491170885123,71.09812333500653,-1.7937500428008608,-40.123126656539505
-0.19757762232322576,-0.05153725028159543,0.28976864284939235,100.32312309527876,-7.183750497303876,-29.7281251549137
-0.196604869659766,-0.06695245748630721,0.296773336956868,78.69312293733147,-4.593750021111034,-19.47312545580023
-0.19590008878562062,-0.07901643758884627,0.3024727318751095,22.238126050699375,1.4262500069610322,-17.058125952087337
-0.19440121120876735,-0.0822175168845267,0.3041586258603406,-51.57687578140899,2.65124998413152,-29.378125771274735
1.4812406292992142,0.22220830304907002,-0.7705795412520506,-117.51687440616774,-6.9037498804869655,-53.28312533796987
1.4839753706034777,0.2417176749242069,-0.7791397646904964,-161.2318746038119,-22.89875048495947,-77.22312279397215
1.485548398545758,0.26886280888082054,-0.790471184873435,-179.53687720209444,-41.553750759333695,-91.99312683636876
1.4845915161506116,0.2995687644173003,-0.8024736768001202,-170.01687757466064,-62.4137495411996,-98.8181250626123
1.4800431409985526,0.3291486600123414,-0.8133303985440159,-138.621872073562,-88.7337537342495,-103.71812326374696
1.4708237059862483,0.35378565968115877,-0.8220835927794103,-102.04687842668238,-118.23875709954639,-112.53812412390285
1.456599570924718,0.3724201739016658,-0.8287640765051107,-69.42687849794197,-157.75375103314465,-129.61812546435445
1.4360997533457966,0.38553394916468314,-0.8337428202808935,-70.58187714696946,-171.82374947807415,-140.01312696598023
1.4132583299300479,0.39848642125649797,-0.8381227226918383,-83.74187582839983,-174.93875287170684,-153.10312986879632
1.3899654423424956,0.4132008333818628,-0.8421964966193616,-96.06187735513453,-172.3837566881235,-168.9931278407241
2.3183159628896295,1.1621032893718444,0.49188839429258446,-98.8618792544354,-171.5087548139315,-182.36312751837568
2.295600821118836,1.1781470855806215,0.489114961614424,-88.95687552386632,-183.68875795324843,-195.76812508533442
2.2707185735517808,1.1916555274395646,0.48774579249390765,-65.29687484269952,-211.16375396513666,-215.33313366094424
2.241370485949346,1.1999337315923941,0.4885279804194739,-27.601875313457683,-247.9137643793087,-236.99813853838785
2.2063409881125167,1.2001296188245612,0.4924029506796118,15.028125428867847,-282.808763716797,-263.21311491257046
2.166657831812245,1.1908494247452077,0.5001076864540029,55.558124746717716,-303.70376038797,-294.64313196335456
2.125660529802577,1.1719106777241712,0.5118990284708783,105.64312328885585,-307.62374255642374,-338.53313526791277
2.087719846330773,1.1410549875428553,0.5280974929607364,126.95812195247132,-309.96876506454254,-372.86814105573006
2.053909418415221,1.103378824745357,0.5479057265348755,140.85313095086508,-323.68875729564394,-409.68813358813804
2.0236342932713747,1.0600074472534304,0.5717638192677473,148.69312260852922,-354.4187619187718,-436.60312238997693
3.342465353060692,0.688096288511877,1.423108978738114,156.46313214795737,-392.11375632537175,-443.6031373835129
3.314374637895403,0.6376150794228526,1.4578235015713596,167.13813042441868,-430.05376327787843,-435.7981162943992
3.2869002627062627,0.5850274263901083,1.4991810805450034,179.10813256751442,-472.29872918121737,-431.2131195875964
3.2608399697400015,0.5304443483809569,1.5481401534863082,187.47313354592072,-509.18874481299633,-439.33312168047433
3.2394693046048753,0.47406581563687106,1.6043619278374068,194.1931244438645,-530.2237603621546,-454.9081386486378
3.2269653802496454,0.4163370219939345,1.6663101227397703,202.73312852918488,-535.4737716073066,-461.0331244472251
3.2251212210465643,0.35883945305656095,1.7322820260984086,208.7531206598507,-551.7837715716768,-501.738155900293
3.2379129003433396,0.30044046260044355,1.8018273403156058,190.97312738231037,-587.4487791154356,-532.5381563020351
3.263754655097238,0.2453739854538477,1.8718367565905525,146.69811997461687,-609.1837524507368,-514.5831189364457
3.2970743441800456,0.19953044304181797,1.9356071402173523,108.47812307746386,-606.0687490571041,-447.20813854820227
4.6157798028259585,-3.7449757987206134,2.165615692294215,89.54312432070684,-588.4637452260995,-365.58811562698025
4.6448862151632975,-3.7707018682108497,2.2141537292044946,77.64312478641457,-559.9037736645548,-289.7781248213379
4.669042464789994,-3.7894475472204303,2.2568458689340636,36.48312418744836,-530.9237727898109,-237.27812165284502
4.690056741541436,-3.8025361196224354,2.2893612051836456,-49.161874570148804,-525.9187740905656,-215.96312298922953
4.710397127328419,-3.811110828022466,2.305612943223492,-150.45188265942915,-520.8787501812566,-221.5631267878313
4.732688024989447,-3.8163265807669946,2.3027383102432544,-204.45687703039934,-496.90374800575796,-238.8181380653861
4.757922966788911,-3.8194459998765606,2.287624565225615,-213.76687566161192,-419.20376189450303,-257.26311856051893
4.787319078357942,-3.821085036469283,2.265869513928708,-211.59688358116387,-297.15874527618365,-255.54814002219874
4.819202325881196,-3.820469085351164,2.238752693697339,-138.37687318803364,-87.61375297452915,-212.2531281566187
4.851210396831796,-3.819580544754635,2.217518517730433,-35.23187451263705,155.0412506873008,-140.57312051565125
0.3488563494823273,-1.787901751005929,2.3685525316710865,23.533124794691915,322.90126380509815,-91.95812894706161
0.37878315504659327,-1.7900690512312054,2.36859919463458,34.55812416233948,399.06126082456865,-82.26312621271373
0.410408978554573,-1.7921609129988332,2.3717349457813692,25.038124534905666,400.4612583591245,-97.06812814441749
0.4443784007967794,-1.793358790157524,2.3755560592044747,26.753125271340632,344.77625601838463,-126.29312107450053
0.4805514814899845,-1.7938643055953745,2.3818368940907515,58.04312515168678,257.3812535124035,-158.49313267117685
0.517991121391273,-1.794437482330291,2.39461846307877,108.61812829507079,171.84124842272772,-179.35313145304278
0.5549333632660689,-1.795371519316227,2.4160945087397865,172.70312267333495,104.53625015272026,-186.56313378242157
0.5900614366132793,-1.7966578616765416,2.447890846493533,177.00812260530228,102.0512497477512,-180.50813010207025
0.6235147956435955,-1.796155068244895,2.4809789706200025,140.08312274459453,121.7562498805896,-168.46813218036024
0.6547802449730923,-1.7932825739838174,2.5090539370351124,77.46812850968968,154.97125490868652,-149.70812970032813
0.29947364002192783,-1.827611932939224,-0.25044600654936466,10.268124761377296,196.51624936550425,-130.63313255615336
0.3244988415219368,-1.821797727687886,-0.23973350252701722,-43.98187617908406,234.28125321109684,-115.33812602320371
0.34713164260506507,-1.8153975133866709,-0.2353604294352089,-77.26687698579525,259.5512592532299,-105.7131258976593
0.3682833563661721,-1.808623412090461,-0.2341906472691216,-90.84687765966805,268.826246334757,-97.69812430289196
0.38808680212582775,-1.8017519018579573,-0.23369849882602203,-88.11687836917064,266.09624704425954,-84.67812400887934
0.40556550876566877,-1.7954059332518038,-0.2319477870680627,-71.38687641235799,251.6412444961948,-62.873127574207146
0.41909232416648745,-1.7904804630260098,-0.2275934520725324,-32.74687410766799,229.5212397370016,-17.23312564390682
0.42464103659844665,-1.7889670275766913,-0.21797482998971424,-11.57187553901756,219.0212582278327,11.221875301604952
0.42504554616323426,-1.7895847285559416,-0.20550607298249254,1.4831249921797285,210.4812541425123,30.821874082559106
0.4217098247749725,-1.7916058181622705,-0.1915428859621256,8.308125139413974,205.65125855018113,41.04187589236543
0.5306157375572896,-1.5392556224515799,0.14179411527456737,10.058125472703376,203.37624548105492,44.5068752545425
0.523948231968311,-1.5421030353697796,0.15631362446465136,8.833125068646066,198.6512572170235,47.93687672741243
0.5161948889402803,-1.545082076730835,0.17009087658803396,6.1031249243750025,191.16125811280918,52.906874122255964
0.5071599670627917,-1.548278100872137,0.18268112742572748,0.25812501500924095,178.87624764519248,60.71187813589669
0.49647638435635966,-1.5518534560208412,0.19326161414719015,-10.416875182442771,166.6612466165684,70.37187615074825
0.4839411083225324,-1.5559154669929838,0.2010256993782751,-23.541875974565993,164.17624621159933,79.22687490021129
0.46971624415219737,-1.5603951114883967,0.2060822147598811,-46.50187447336026,173.24124595728358,90.88187554897519
0.45333209995343654,-1.5654490992928134,0.20733176142919074,-64.14187619367203,178.80625186657818,97.42687700038323
0.4357401627162424,-1.5706792397844196,0.20534895003510298,-86.15687362456543,182.4112530312676,104.00687634109842
0.41705626352603764,-1.5759978454776495,0.19920044839685966,-113.49187807922509,189.86625424617478,110.4118794050887
-0.6100679877822673,-0.8815061547826675,-0.3774266724192768,-146.14688272746181,194.20625206744924,118.21687317344568
-0.630658360674719,-0.8864723578870114,-0.3947235150196258,-179.39687198448752,189.83125635686764,134.14188269505894
-0.6533738426962881,-0.8909887494661757,-0.41871095165443223,-209.77688405416558,179.89125473699139,157.8368744353437
-0.6794057490264239,-0.8946372099243537,-0.44915270246375466,-230.53188916811004,173.76625527802577,187.55187196667262
-0.7096745552272972,-0.8968405767318305,-0.48431543278280986,-248.97686966324284,173.10125440005498,211.56187203147837
-0.7429933207722857,-0.8966583967451898,-0.5236780242453292,-271.656867972107,186.54124985632086,219.5768804564349
-0.7760201511519157,-0.892986313161743,-0.5676572354440174,-313.9018885169594,218.84625512091864,213.1368726729483
-0.8050670196035464,-0.884374760463454,-0.61927925677596,-336.89686782958785,233.09124301238387,202.8818763889294
-0.8293020615883923,-0.8707904912888335,-0.6751305466398186,-339.87187966599197,227.56124865277474,195.98688238407158
-0.8498461117681256,-0.8529549344963984,-0.7314671313240136,-310.6118683560343,191.7212516624802,177.22687990403946
0.7945741231531421,1.3629280463635738,-0.09042553216310087,-275.22687124748927,130.47125707282405,147.75688125823888
0.7802272061689184,1.3831434142941972,-0.13499784907069776,-287.4768701654205,64.1112496254337,108.06687738753739
0.7684401415903633,1.4065100876927739,-0.18022169760607798,-362.23686965033517,2.7212500316140416,57.31687796742849
0.7600349752910275,1.4386103179962748,-0.23486164610198756,-456.5268934819308,-36.89875144372739,20.181875402952233
0.7535265612432108,1.4833806122479452,-0.3002322291258521,-512.2468663912211,-45.57875050137094,9.541875015798071
0.7472548645206183,1.5394832988276272,-0.36897780819891907,-500.27687790850376,-36.26875187015834,20.601875687847365
0.7403012080294641,1.6001453457986907,-0.4310765883730578,-388.5568670131959,-16.738749721592125,33.62187598185998
0.7342469801596545,1.6511431041721416,-0.4756492941386838,-295.3868849224556,-9.528749953534245,33.02687429759808
0.7294008855790537,1.6920105276000852,-0.5072014776573998,-219.7868814526561,-1.0587499711212036,23.19187488337974
0.7269096180082704,1.7234456162447835,-0.5293833978557684,-171.13687833438098,0.65625001826182,8.66687484915337
0.6761408970139685,0.8919256056728226,1.3178455963290308,-141.94687646341592,-1.4787500425729236,-6.7681249485721375
0.6765476911196772,0.9127265937952941,1.3047975623765609,-121.64687123122101,-0.9187499828778657,-16.28812457600595
0.6778548859918032,0.9306408943386253,1.2940204593141265,-108.48687937997983,-1.688749971577078,-16.673125264046643
0.6790303065993127,0.9467779192598831,1.2847443482440788,-100.54187356382675,-1.1287500186037256,-13.733124977328016
0.6799986603063181,0.9619142180432116,1.2764164674780298,-94.87187398661071,1.0762499829918342,-11.98312549781226
0.68112790402287,0.97634921137103,1.2687687966194112,-88.11687836917064,5.941249867932523,-11.878124999701653
0.6829776530601198,0.9898585281605384,1.2618075573966894,-66.34687299361642,16.266250895188985,-11.843125402847216
0.6864225949473094,1.000064495992709,1.2565328926607495,-46.046874591610695,19.311249972470925,-10.443125306970423
0.6902359312098325,1.007158141374345,1.252837185952034,-23.926874955059397,17.66625013729213,-8.86812551927415
0.6936729015074252,1.0108127263464814,1.2508447746253524,-3.8018749642126806,9.756249894409029,-8.6231249261985
0.016846903481128626,0.2735174880965891,0.01596991318324533,11.948125047184176,-2.108750043028798,-10.233125164522857
0.017264239284970343,0.27150252300421884,0.016871674952764638,22.168125149443206,-17.33374969830674,-11.598124809771566
0.015387804865472542,0.2678627146371886,0.018725750035588285,27.803125129804815,-34.72874911799557,-11.98312549781226
0.010820430353147174,0.2633322269544689,0.021256146445551412,28.713124893303952,-48.51875078808957,-12.473124976416267
0.004152165275830377,0.25865358436265606,0.024107934016578667,26.438125484556107,-56.778751268385285,-12.193124786486178
-0.003791839704601043,0.2543325453358688,0.026999482321083,25.948126005952098,-59.928749136230536,-11.878124999701653
-0.012213599305148032,0.250091124990543,0.03000691031826381,28.95812377883231,-53.73375048355605,-13.208125048095924
-0.019527818327893052,0.24535541748295742,0.033237348395142474,34.62812677114294,-44.17874955172051,-15.028125428867847
-0.025178180679025757,0.23970915029294385,0.03681396733244138,40.36812554206786,-32.76875120357954,-18.31812509922544
-0.02876458182611961,0.2331240826061377,0.040688257091028364,44.7781259721458,-21.953749417058603,-22.623125031192778
0.008502320047547692,-0.00658079024848588,0.11407160005559736,46.59812549914408,-16.24875024298812,-27.103124654979595
0.008248334995468093,-0.014253979915265036,0.11823471411531003,46.80812649536529,-13.938750383612188,-31.198125298273013
0.008734687023571143,-0.022009558876963077,0.12242913124636651,46.77312519096356,-13.938750383612188,-33.613126509533195
0.009479325845700885,-0.029772720570228877,0.12668284922686313,45.688125735644945,-16.0387509543142,-35.153125846601384
0.01009615189438566,-0.03736590269751748,0.13094764966118955,41.83812568542717,-19.013750837887265,-36.83312698618191
0.01047046420284975,-0.04438051268473556,0.13499332859610927,35.433126036531476,-24.01874953713253,-37.81312594338993
0.010319878931074696,-0.05035726059224384,0.13856596173860974,20.593124507973286,-31.333748949527372,-39.598124165986476
0.009430111001390929,-0.05401476199959882,0.14089133275272162,9.988125425220854,-33.29375027903799,-41.7681264917183
0.00856043001927367,-0.05602802583809171,0.14223483724331637,1.6231249804230665,-32.80374909288668,-43.13312613696701
0.007936495159744122,-0.05668733462645738,0.14272421507295846,-6.566875132225005,-27.483750606856894,-44.35812397970338
-0.04720619816055842,-0.1868651183008783,0.16353278592699771,-11.501875491535039,-16.633750931028814,-44.043125900466144
-0.04570587451790937,-0.18607690307586078,0.16284363228489743,-12.411875255034177,-4.978749855378082,-42.328126871578476
-0.042430073721571676,-0.184523220820529,0.16145297875827241,-10.556875277407816,6.67624993961218,-39.49312708297045
-0.03772816040707898,-0.18317772343253505,0.1600197452774592,-6.566875132225005,16.371249685752296,-36.48312418744836
-0.0318572183389304,-0.18229258534376044,0.15874895723830912,-0.9668749621612466,22.28624985604399,-33.15812662778362
-0.025374876006784546,-0.18203282818031116,0.15782493334662293,5.193125160875864,23.406250615764343,-30.323126839175604
-0.018931212896722293,-0.1824318451254375,0.15734984604955082,13.208125048095924,18.296249710861183,-28.468126007775595
-0.013387725744529358,-0.18392389338315443,0.1576691957059621,17.758124719365263,10.666250511681815,-27.558124536729164
-0.009325137561249806,-0.18696947807444222,0.15910670662509555,19.228124862724577,2.8612501265790855,-26.228124488334895
-0.006530026047966166,-0.19019534706947877,0.1608034886351419,16.638125667192206,-3.0537500437126095,-23.988124676441483
-0.1662960718409609,-0.16967183345440817,-0.16428002523719717,11.773125355364694,-7.42875023660588,-20.76812590734006
-0.1655010880558741,-0.17169374938404888,-0.16310616006180415,5.298125232099647,-9.878750190946855,-16.603124362790474
-0.165442589226119,-0.17269846131677655,-0.16249020894368488,-1.1768749978871065,-10.053749882766336,-12.228125237114263
-0.16580833450612914,-0.1726879135427368,-0.16246366938319773,-7.021875013974574,-8.583749739407022,-8.028124949483885
-0.1663438649231019,-0.1717564527412438,-0.16299115529969319,-11.32687494594191,-6.833750259891266,-4.248124946748641
-0.16696657244947707,-0.17013647019194778,-0.16393316387522597,-18.221875780988913,-4.033750068137682,0.4418750062487288
