0.08732735442337518,-0.06268848337529266,0.11770841907652875,-8.461250296642843,21.490000062982247,37.60749968333211
0.08073956473036521,-0.05910262905980226,0.11388596895394826,-7.481250485661183,26.635000564739848,36.03249904186219
0.07407463532582943,-0.055579283672492194,0.10965584979509359,-5.486249986182954,28.98000087474386,31.167498730034676
0.06789247316444078,-0.05241412513725133,0.10538519218670361,-0.4112500121555519,23.274999993126087,19.442500595109184
0.10523018365484736,0.01768774213411757,0.06612725214127006,3.2987499964580245,16.659999348009173,9.887500517047288
0.10236007114919804,0.019165499859264502,0.06404285158707583,5.713749927057739,11.620000198135823,0.6124999885852438
0.10094171148799853,0.019806337891247174,0.06284711314754506,6.308749903772352,6.754999886308312,-4.777500039030948
0.10052295999789457,0.019919787221241676,0.06235340927232903,5.678749903316477,3.6749999315114628,-5.862499921236392
0.1004918513555653,0.019863062556244423,0.06220515714872867,4.45374992614599,6.510000147006308,-3.1675000141500016
0.10005424025104923,0.01995755505731954,0.06164923598885414,2.9837499962300873,12.005000032402872,2.5024999899528666
0.09868934856885313,0.020503608944705258,0.06035489773531572,1.3387500543295856,13.649999867581668,9.852500066419204
0.09645725487447537,0.021699736242265146,0.05874784471548782,-0.8662500006268271,13.054999890867053,16.327500616571072
0.0936078976661301,0.023436376200295855,0.05703538686614274,-3.8762501747454188,15.15499960779542,19.897500476858752
0.09026493379707608,0.02537400715212574,0.054793839060932124,-8.496249893497282,23.16999949501548,21.192500928398587
-0.031594131578606806,-0.01821848473660686,0.013584269174620524,-10.45625036923425,25.969999686769064,20.492500453573367
-0.03563392903583616,-0.016606084918878616,0.009421835616458811,-11.0862499428033,25.585000706275665,19.792499978748147
-0.03951249623274341,-0.015120550033149369,0.005219592717566378,-10.771250156018775,24.359999448444707,18.25250064167996
-0.04307715778564702,-0.013810147082283106,0.0011722125287692725,-9.336250463287545,22.155000940953027,15.767500236710898
-0.04617091226529151,-0.012711866186299454,-0.0024843653407665566,-8.006250414893273,19.319999444797713,13.632500069154448
-0.048813008144118125,-0.011791585053143516,-0.00569130181051054,-6.18625003412135,16.6950006524109,11.95249978334757
-0.051089966333605095,-0.010940180398394695,-0.00838958767454437,-4.8562499857270796,14.210000247441844,10.69249978243582
-0.05308048197739471,-0.010120419065765163,-0.010638232138786355,-3.351250032069916,12.35500026981548,11.042500019848429
-0.054990212365635546,-0.009167133607388028,-0.012508274704430567,-1.7062499834477085,14.630000532336975,12.72250030565531
-0.057231541438204796,-0.007917635545332011,-0.014477014298589708,0.6387500063911895,15.15499960779542,13.002500495585398
0.04295073031893078,0.012776027761103545,0.11424393707337607,3.3687500439405467,7.804999744772495,9.117499994739546
0.0414694728715218,0.013879461025972978,0.11342971696766144,6.168750235694131,2.7299999308276512,3.1675000141500016
0.04092716174266632,0.014433000430419174,0.11341494036255505,9.038750474930238,-1.3999999891550865,-1.3824999772844562
0.04112008393236135,0.014624415795251377,0.11416237410176906,11.313749883678085,-5.25000014609456,-2.9925001088871084
0.04169851025067095,0.014790117922908304,0.11561038418768864,13.30874995626949,-9.030000148829805,-2.6425000849179106
0.04243486153605516,0.015151561460971345,0.11772509136452708,14.883750597739411,-12.215000174850438,-1.242499989041118
0.043171455857707576,0.015815147687657283,0.12038655723392902,15.338750479488981,-14.595000935482537,-0.43750000328107114
0.04393376341653526,0.016642297322840015,0.1233797676094203,14.498749909698716,-17.39499941968883,-0.6475000123265047
0.044882188149548446,0.017416076193526614,0.12659564781383392,12.85375007451992,-18.26999958633353,-1.6974999775123931
0.046009098717925745,0.017963005011477844,0.12970763001359323,9.63375045164485,-17.674999609618915,-2.047500108203297
-0.005311411819691322,0.008984078690181814,0.0306061405411311,7.253749691012752,-15.85500008262064,-0.9975000362957028
-0.004371590570572319,0.009241697134470964,0.032796577819139826,4.733750116076078,-13.405000128279664,0.6824999827069128
-0.003754229842097509,0.00951764051338219,0.03442149400468023,2.773750067225933,-10.50000029218912,2.4324999424703444
-0.0034910215636398205,0.009840732928323697,0.035474594458406,1.5137500663141847,-6.930000005014617,3.7625002043080267
-0.0035694736710139125,0.010202613931669493,0.035964142413435846,0.4987500181478514,-2.5900000493060187,3.7625002043080267
-0.003874143936826062,0.010451531677557179,0.03585319635700377,-0.5862500241401509,3.4299999787660473,2.0824999185011466
-0.004310685681762073,0.01038192609034547,0.034932793705713734,-1.181250054215617,8.925000504492845,-0.5775000182048357
-0.004732645250606245,0.00991364380878289,0.03332894876462604,-1.181250054215617,10.324999746595992,-3.2725000853737845
-0.004897764091219499,0.009103652534134891,0.03158110483463143,-0.7612499827638971,5.670000004102868,-5.057500228961036
-0.004560138107439793,0.008107446870794111,0.030426488131679644,0.7787499946345275,-5.040000003646994,-8.032499685647279
-0.014961264062972851,-0.0014089298539934536,0.06507653344297262,1.1637500423449867,-12.600000009117485,-12.477500566353307
-0.012710164932422073,-0.0030730477895940843,0.06622675118947005,-0.23625000017095285,-18.129999491368487,-18.67250092657509
-0.009422175867234288,-0.0054836273193359375,0.0678993996980844,-2.8612501265790855,-21.524999659836684,-23.642500028965916
-0.005318605693229963,-0.008590797400984925,0.06973339998515496,-5.836250223595563,-20.92999968312207,-25.042500978616353
-0.0010225021875597286,-0.012037440542051915,0.07122015005222518,-8.74125048657293,-18.864999563048144,-21.682500407002593
0.0028250049742719083,-0.01529295996180854,0.07217581726603066,-11.261250488396428,-15.749999584510032,-14.017499903421497
0.0056458783319844625,-0.01785558298093463,0.0725059820363767,-13.501250300289838,-11.83000034058339,-4.0774999910925525
0.007105262515255678,-0.019456025414267566,0.07216879351787975,-15.46124992225316,-9.975000362957028,6.562499969174788
0.007182742477556981,-0.019930189173520522,0.07144597935263412,-16.791249970647428,-13.405000128279664,15.03250016503124
0.006407699818275755,-0.01944032527134202,0.07097633606796964,-14.656250656864627,-23.240000396271647,18.88250021524901
0.01033939474341094,-0.15248348224418243,0.09629463930742456,-9.721250297554592,-25.514999805019496,17.55250016685474
0.009940523620045513,-0.15113536006449194,0.09802498462610895,-2.7912500790965638,-23.8699999698407,15.03250016503124
0.009714402676114734,-0.1496153626359323,0.10035370954072195,5.678749903316477,-22.33000063277251,12.897499997474792
0.009623701540823497,-0.14777110621834383,0.10346180316019009,14.883750597739411,-17.780000107729524,11.882499735865046
0.009311011078160836,-0.14541209898471347,0.10705706297925974,23.388749963563477,-11.620000198135823,11.672500447191126
0.008560126223938423,-0.14246538144732834,0.1108718331557652,30.178750300499875,-8.36500012463267,12.302500020760178
0.00746306050929576,-0.13892278758757703,0.11504284589419428,34.51875153686894,-6.440000099523786,13.17750018740488
0.006099724259216122,-0.13490170392299888,0.11949473564777899,35.49875049407696,-3.95500012144155,13.59750047230001
0.004520037123187237,-0.1306746227174967,0.12382318728074629,33.57375046896807,-1.5750000011396856,13.28249983174184
0.0028788132040507932,-0.12656473360051923,0.12776642642862085,26.363749847136546,1.4700000366376085,11.532500352226084
0.07698723057115965,0.009599252092242848,-0.17323707829435545,19.573749510200148,-0.035000000395887826,9.362499734041549
0.07586080607531875,0.012244361620795107,-0.17089680915700306,12.048749955357742,-3.1850000260206324,5.862499921236392
0.07538362866634014,0.013954705054606865,-0.16900486902359427,5.503750211496996,-6.159999909593698,-0.5775000182048357
0.07582595467445925,0.014481802113073195,-0.16746987625728688,0.5337499885282595,-9.555000078061896,-9.852500066419204
0.07751714685033706,0.013631904283187196,-0.16607513972135615,-3.001250008100718,-15.8200004857662,-18.60250002531892
0.08059534700881693,0.011591128739134373,-0.16432975045767034,-5.451249962441693,-23.66000068116678,-25.00749967421462
0.08492226751329458,0.008724467348493446,-0.16194230798066087,-6.886250082059746,-34.264999763919214,-28.01750086218942
0.09033040776772844,0.005514298496382438,-0.15849265118986824,-8.496249893497282,-43.22499901149285,-28.78749882317622
0.09643440946526483,0.0022085677836162477,-0.15425847332533468,-10.63125006105373,-53.40999951689744,-28.717499629467348
0.10334572903849905,-0.001339032623259907,-0.1493619730227098,-14.621249352462895,-75.84500235532785,-30.082499274716053
-0.0843101077609592,-0.09301761117793247,0.09089308533585885,-19.24125077876205,-102.2700002162992,-36.03249904186219
-0.07260956409388239,-0.09815014830423058,0.09964759196710149,-24.001250592478957,-120.53999809508544,-42.5424991888685
-0.05840997569543992,-0.10441693569420553,0.10949547016171018,-26.276250001226803,-149.62500629812908,-56.4375013570731
-0.03986227402993298,-0.11228576955688352,0.12172466631936978,-26.941250879197586,-179.024995504937,-69.45749823599114
-0.016925726218811717,-0.12135301525804244,0.1361948026915695,-28.831249599904737,-182.56000089101212,-70.5075032170972
0.006987924604970016,-0.13045909815485932,0.1499959574319293,-30.616251237595872,-182.34999989479093,-70.05250333534762
0.03136349016008756,-0.13945095400562343,0.162748507889525,-32.64625176081536,-182.10500100926257,-69.49250295548745
0.05614565539189921,-0.1483403457657156,0.17439869444183131,-34.46625128781364,-181.96499579165564,-68.93250257562728
0.08130472126843125,-0.1571110872196738,0.18496916806904426,-36.286250814811915,-181.89500001304134,-68.2675016976565
0.10679587190182808,-0.16575301945148743,0.19444806860127578,-39.051251409711064,-181.89500001304134,-67.25250143604676
-0.4022164689899098,-0.7417972906892331,0.5417024688254073,-40.52125155307038,-181.7900063451199,-66.58750055807597
-0.3762186120409484,-0.7502235525366484,0.5488834614418333,-42.096248779445716,-181.75500845581277,-65.81749918199458
-0.3500176739862813,-0.7584966043205922,0.5549711797094005,-43.49624972909615,-181.8600021237342,-64.94250413799176
-0.3236521274671642,-0.7665951074567167,0.5599857956383693,-44.89625067874659,-181.89500001304134,-64.17250276191037
-0.29715181733733165,-0.774522950525313,0.563917539170758,-46.12125193657754,-181.89500001304134,-63.402501385828984
-0.27056126784111745,-0.7822632668093682,0.566780555017376,-47.06624958938383,-182.07000311995543,-62.56249740094413
-0.24390626512657732,-0.7897840727359876,0.5686164509873385,-48.08124985099357,-182.17499678787686,-61.7574981355556
-0.21723038559659905,-0.7970938745745582,0.5694064646807406,-48.78125203336609,-182.38499778409806,-60.95249887016707
-0.19055670554484794,-0.8041592791418295,0.5692017309284113,-49.37625030253341,-182.70000610861905,-60.11250171547139
-0.1639181806892916,-0.8109678429808699,0.5680158111541157,-50.286250066032544,-183.08499655137598,-58.81749784883697
-0.13960358078205135,-0.8158329916048973,0.5606820945467546,-50.70625205847497,-183.19000387967577,-58.01249858344844
-0.11321515239828345,-0.8221342415377026,0.5575143598270708,-51.05625144211393,-183.04999866206884,-57.17250142875276
-0.08701680875577936,-0.8281558053330665,0.5533974712655693,-51.44125213015463,-182.80499977654048,-56.19249905645016
-0.06106963702055049,-0.8339023492873383,0.5483376991979694,-51.721248904990134,-182.41999567340523,-55.38749979106163
-0.03539667399286859,-0.8393663878834575,0.5423601735744029,-51.931249901211345,-181.96499579165564,-54.44250213825535
-0.010058633170482702,-0.844542282680002,0.5354903645957768,-52.106249593030824,-181.26499702437772,-53.497501070354474
0.014888268119819787,-0.8494303253204937,0.527752138423628,-52.106249593030824,-180.31999937157144,-52.72749969427309
0.03942263661053081,-0.8540171002029279,0.5191911858763777,-51.96625120561308,-179.19999861185107,-51.81749993077395
0.06347717252103317,-0.8582927886620695,0.5098560656004117,-51.721248904990134,-178.01000207351643,-51.01250066538542
0.08704052301964871,-0.8622557380512949,0.499792614235912,-51.16125194022454,-175.7350026647686,-49.752501518247314
0.11407441927630844,-0.8666205722136113,0.48250359740339893,-50.60125156036437,-173.88000524846316,-48.87749964405532
0.13636085722181532,-0.8699320871895606,0.47120868126794346,-50.00624987610246,-171.67500161832962,-48.03749907426506
0.15801294620370038,-0.8729241552945913,0.45936270469797735,-49.41125160693514,-169.12000543474628,-47.232499808876526
0.17899397559365243,-0.8756057202633731,0.44701374026735013,-48.95625172518557,-166.109995709035,-46.462501847889726
0.19927006613588477,-0.8779987525745512,0.4342050970390545,-48.22125165350591,-162.92499653678803,-45.69250047180834
0.21882229745691825,-0.88008915612457,0.4210225182085105,-47.48625158182625,-159.35500692178408,-44.92249909572695
0.2376256003656883,-0.8818897632283902,0.40753320330387466,-46.71625020574487,-155.39999954326655,-44.18749902404729
0.2556655506596774,-0.8834076705450433,0.39380073061290743,-45.87624963595461,-151.3050006075204,-43.452498952367634
0.2729377493824312,-0.8846515301656771,0.3798919108057362,-45.21125217307841,-146.78999967933188,-42.78750148949144
0.2894451129691681,-0.8856413682787911,0.36585015015986105,-43.74125202971909,-139.75500045686712,-41.84250042159057
0.3035312763412429,-0.8795225899761483,0.34221606395538673,-42.65624915930589,-134.75000175762185,-41.247502152423245
0.31834144475627746,-0.879983581169665,0.3284056738368354,-41.57124970398727,-129.53500206215537,-40.61749916375961
0.3324192962879799,-0.8802072717509138,0.3147115279653629,-40.41625105495977,-124.25000658807461,-40.092500088301165
0.3458028661123231,-0.8802002723063898,0.3011970345033418,-39.22625110153054,-118.89500167500123,-39.6375002065516
0.35852535298354277,-0.8799668602744131,0.28790759262567145,-38.17624953551907,-113.33000259589578,-39.147499020400296
0.37060036693265797,-0.8795347417895581,0.27487997371973005,-36.98624958208984,-107.62499829918342,-38.79749963676134
0.38206954007241095,-0.8788969174073011,0.2621733328131968,2.213750114252581,-36.1899997890281,-42.96250118131092
0.3904566001697661,-0.8759051409457923,0.26008691505797654,279.65876243385713,383.25000127339274,-72.36250063340262
0.3800429092391672,-0.8554902888462327,0.3279661913530542,552.0287294760701,528.4650139716331,-72.11750174787426
0.3527130920223504,-0.8113994753931884,0.4418544205442967,1091.304348299946,511.17501846514944,-372.032508391914
0.26421148356555313,-2.7184448475502316,-2.1173778537824126,1146.7837346259118,739.445022187718,-447.80750130824924
0.21785377362452515,-2.5485218604162685,-1.9555090885765083,1146.7837346259118,829.1499946709976,-401.01250926665784
0.12225826459801038,-2.357960816674033,-1.8348765786391636,1146.7837346259118,798.2450279220906,-309.2774952790239
0.0011609113422980973,-2.1587472929259444,-1.7697251657219593,1019.3487971674818,616.1750248021352,-250.96751463646473
-0.10413146529358096,-1.9805824598648738,-1.759953552308311,857.3687846231218,431.3049992923114,-231.2974987325551
-0.18351340512616918,-1.8353562350180777,-1.7833997471738419,765.9793782074904,281.7500024331749,-214.7075019933494
-0.2402159295193889,-1.7125583691456023,-1.8245487038148651,712.4337550393386,178.9549997263227,-236.26749954249323
-0.2840360977841687,-1.6070304660622132,-1.8767532830816767,683.5193786221403,105.90999927029574,-264.19750909650935
-0.32162034426503466,-1.515545976271323,-1.9373167545423595,668.7887369599305,54.424999778507186,-284.8474932217757
-0.3569010929959265,-1.4363287907249458,-2.0050134376891404,660.9093760918904,12.075000079885394,-301.3675078427455
-0.21181563475567022,-0.005094088788669286,0.6710428224305007,657.2737483589626,-14.910000722267062,-309.5225078249306
-0.24765560993968405,0.05080503061277057,0.5922420066187991,651.8837455565821,-47.80999913339028,-316.8025059329237
-0.28412901054950057,0.09456142616077542,0.5105866326226128,642.9587646888831,-86.83500212612098,-323.94251248368823
-0.32107395012687345,0.12575722129580685,0.4288971363343716,630.4637805458019,-128.3100076345136,-332.4825165690086
-0.35891921755978334,0.14432553243685692,0.34990315529670674,614.7487720204098,-169.95999575925276,-341.86249731845714
-0.3982492421623642,0.15057331439065885,0.276074472674293,598.1587343000691,-209.5100012425365,-353.02750702635353
-0.43955150608136623,0.1451471894523784,0.20931610395176817,583.2837297595619,-244.4750100190174,-366.5725098109192
-0.4832350879634192,0.12875599720183983,0.15073568692144146,566.8687634480269,-277.82999294396456,-382.21749523694024
-0.5291911075603707,0.1020103419592621,0.10201700115301071,547.6187768573164,-311.53500940349653,-399.4374949648096
-0.576853533403589,0.06564856790742864,0.06503762941234094,512.933764855671,-362.5649919380626,-427.75250862196106
-0.8011309014183301,0.09160834107316354,0.0690817346874241,485.3537341947263,-396.4099999548231,-447.98251807554163
-0.849498764333618,0.03770557018595004,0.06437516722839542,454.028765453377,-429.5199976546202,-468.5274812121299
-0.8950318036093988,-0.022727828263993412,0.07565161260746792,346.08874516929427,-226.24000319934913,-152.02249831945193
-0.9077525163158607,-0.04093746648043789,0.07379532589460366,277.1387504792026,-22.680000016411473,242.3925126618372
-0.8831762028032122,-0.004243947922515091,0.04913004895598152,266.8837405348053,2.905000049533956,310.0125055959873
-0.8498214192832767,0.03916519740548945,0.020009596717223965,268.3537611687322,-172.86499815666426,313.16250687892716
-0.8137996043633977,0.08024119455879981,0.011815683618111954,203.74375063953664,-456.61000322375156,215.86250064237692
-0.7866834160263263,0.10780179901589676,0.04452114562132793,150.26375192893033,-621.6699939516805,130.25249977408689
-0.7642053804387862,0.12510078033540592,0.10115165836828077,108.54375436519851,-755.7899927206387,79.8175018483098
-0.737830792970492,0.13676686145965233,0.17576317296237148,81.06875152312111,-839.4400298254585,48.73750125663757
-0.3732325955389958,0.4914089323426848,-0.516435446238542,67.6637539561624,-856.7300253319422,36.31249923179227
-0.3260838025449856,0.49854588678731343,-0.4358693121891624,-51.47625001946177,-796.1449906391218,-19.092499503922927
-0.2777907948003024,0.4934289525894336,-0.35269819389910995,-221.96125851455133,-579.4949965061991,-91.61250088449145
-0.24430486891004774,0.4679670635227277,-0.27277423458118805,-332.0712572187038,-399.9800032302054,-126.26250816664053
-0.22314890201424725,0.4269687407607332,-0.19854216036082042,-412.0112448493994,-241.78000861782712,-145.26749587182266
-0.21460321214463973,0.3723725874003528,-0.13190837202937353,-454.4312548407875,-65.10000147006308,-157.93749678219632
-0.22351326198752866,0.3076181985308757,-0.07957799719014298,-104.64125065083086,263.44501349527076,-48.282501374888
-0.2591586623352237,0.2911833569665689,-0.09200006693024397,118.37874865677497,346.6049981875205,34.492499704794
-0.2949229560253209,0.3076963103874743,-0.1351851328189706,195.06375499698768,365.0850038927171,69.94750283723702
-0.32595591686066017,0.3348423921855339,-0.19032699981596127,177.3537574980616,349.89499102768895,77.4724998307585
0.010766458073887255,0.1672419082377178,-0.9884013799109347,95.13874996805062,246.85500309568667,64.10250015310692
-0.003704747657892536,0.1822749166070625,-1.0248205591293162,-27.71125054773168,49.24500138744244,35.927501958846165
-0.003867922208360211,0.18381479440236068,-1.0270561039387025,-106.95124794888585,-88.55000115500864,8.662500112989976
0.004602231989091567,0.1756456649266981,-1.005972416029064,-82.1712533381879,-58.380003741930146,-10.762499829918342
0.008588658681824788,0.16727068373187237,-0.9909789253569281,-34.291251595994154,-1.5399999773984245,-38.90250013487194
0.004593142432660988,0.16009498930609312,-0.98717326904048,-1.7062499834477085,20.649999493191984,-69.94750283723702
-0.004607189928962793,0.15249456469801223,-0.9891927060001852,17.473749793271782,32.514999430629814,-89.16249836882955
-0.016747240383447614,0.14439698509970691,-0.994523463506825,19.713749605165194,32.480001541322665,-95.84749820765533
-0.029405055303699985,0.13554866646894012,-1.000126518848353,6.063750164470348,22.190000537807464,-103.79250402380839
-0.0417679214088681,0.12438698281571041,-1.0032325223559146,-3.9812502459692016,26.07500018487967,-103.72250141500494
-0.300764648678592,0.5855993393364303,-0.0395842891463689,-3.351250032069916,30.414999713701445,-88.18250282671612
-0.3118947862242097,0.5750010623601355,-0.04281584519008127,-1.4262500069610322,30.869999595451016,-61.72250024624846
-0.32039915992822365,0.5675583682901147,-0.04633914197013769,1.0237500541016484,27.510000731384547,-25.77750105029601
-0.3251668510087039,0.5645580855592188,-0.04973066448557753,5.8537500220227825,27.265000138308896,7.892500444455882
-0.32673730276654134,0.5660035194606956,-0.053560770250606245,8.33875000010502,25.48000020816506,20.63250054853841
-0.3269369327572386,0.5691901137947915,-0.05741435331914281,5.888750045764043,17.674999609618915,20.142501069934404
-0.326506272489993,0.5721080072307684,-0.060101410907585924,1.2337499831058027,7.105000123720922,14.122500401532102
-0.3257548043487269,0.573909780908676,-0.06107326433685333,-2.8612501265790855,-5.670000004102868,6.317500229872785
-0.3246815075811139,0.5744292952355745,-0.060117840159316066,-5.486249986182954,-16.52000096059142,-0.5775000182048357
-0.32335798067176497,0.5739025870351373,-0.05761354584455733,-4.926250033209602,-19.56500003787336,-6.527499945433527
0.03987641874074207,0.12022552140262148,-0.04772279605223863,-3.001250008100718,-16.590000154300295,-6.842500159104876
0.04062521348305798,0.11915217602775488,-0.04545322616530485,-1.8812501021540133,-12.179999724222354,-5.022500205219775
0.04076374415593045,0.1178824087409312,-0.04383781269785096,-1.8812501021540133,-8.99499969820172,-2.047500108203297
0.04089590727857615,0.11692377648465373,-0.04258549541508386,-2.3362499839035826,-8.505000219597713,1.5224999655277942
0.041294097900390625,0.1163065129706862,-0.041345572981994816,-3.0362500318419787,-9.835000267991985,4.00749994361003
0.04200974249572443,0.11588416454381291,-0.039880307321033225,-3.4562501032936987,-11.690000245618346,5.442500063228083
0.04299593506481548,0.11556121795063232,-0.03815295134844765,-4.0512498665649,-12.215000174850438,5.617500181934388
0.044030005778741395,0.11516929766453733,-0.036291633784831724,-4.4712501514600325,-11.48000010317078,4.7425000152896875
0.044919032447807164,0.11459806521976637,-0.03444815508330148,-4.296250032753727,-9.7999998173639,3.2025000378912627
0.04553104637838163,0.11383624373347509,-0.0327810234979752,-2.6162499603902587,-6.405000075782525,0.2274999942356376
0.02850723072172548,0.09430477986155907,-0.04115260218504615,-0.9012499710072351,-3.360000144726937,-1.627500036751577
0.02815905696390601,0.09324256554777591,-0.040487752169765585,0.32375000616325234,0.5600000063342052,-2.6425000849179106
0.02739699244134652,0.09214895094814164,-0.040353839185988866,0.8487499887561966,4.445000026932381,-2.7474999426982816
0.026298371294587394,0.09106408565416248,-0.0406940899614651,1.2337499831058027,6.930000005014617,-2.2925000609487123
0.02502311138810246,0.09005115909556972,-0.041355634683498184,1.54874998333374,7.315000266168488,-1.5925000130103162
0.023774342434851034,0.08914930011154314,-0.042104818283843215,1.8987501140246437,6.510000147006308,-1.1025000007977799
0.022641987854066122,0.08834275995190355,-0.04280476273625147,2.108750043028798,5.915000170291695,-0.7525000301894347
0.021594307109121153,0.08759649278677688,-0.043456488793049385,2.143750066770059,6.475000123265048,-0.7175000064481738
0.020514010896984104,0.08686762701845314,-0.04417611918318162,2.24874992455043,7.9100002428831,-0.7175000064481738
0.019325660760006528,0.08616005122722349,-0.04507311744184426,2.143750066770059,9.869999864846422,-0.9274999888131809
0.04895620511333998,0.07738289361578488,-0.003951915542649202,2.143750066770059,10.009999959811466,-1.3824999772844562
0.04754299782102626,0.07662345388492191,-0.005122280995780174,1.968749948063754,9.17000024379485,-1.8724999894969923
0.046152733152430354,0.07581040035329463,-0.006210597404767735,1.54874998333374,7.209999768057881,-2.2925000609487123
0.0448831116873676,0.07493444903545787,-0.007065987854314992,1.3037500305883247,4.690000193121207,-2.4324999424703444
0.04380432230009337,0.07403628420270789,-0.007632019322946531,0.9887500303603876,2.275000049078082,-2.4324999424703444
0.04292778769521295,0.07312927284979552,-0.007904560194102996,0.6737500301324505,0.1749999986443858,-1.6974999775123931
0.042302795627916744,0.07230363003947562,-0.007913503928772657,0.2887500091024178,-1.1900000601509324,-0.7175000064481738
0.0418892451139522,0.07157252833748447,-0.007722914887252325,-0.20125000311011831,-1.7149999893830237,0.2624999912964721
0.04161709310082485,0.07092697540189877,-0.007422473452506809,-0.726250012383489,-1.9250000251088837,0.9274999888131809
0.04142942049452288,0.07032473152930584,-0.007049655817092133,-1.2512499949764333,-2.7649999545689123,0.9975000362957028
0.04913308690933398,0.06628051081199529,-0.00827295456943648,-1.4612500307022933,-3.53500004998983,0.6475000123265047
0.04906911976354445,0.06560462695013856,-0.007650101221300411,-1.4962500544435542,-3.9900001451828113,0.0874999993221929
0.04899572281054886,0.06486740073418884,-0.0069738771086682114,-1.5662499952043705,-3.9900001451828113,-0.4725000003419057
0.04887595453758123,0.0640520626616405,-0.006287785723547201,-1.5662499952043705,-3.6049998840289406,-0.9625000125544418
0.04867292203912919,0.06316381370863297,-0.005637420669851196,-1.4962500544435542,-3.53500004998983,-1.277500012782379
0.04843139259579471,0.0622210760242956,-0.00499259684307009,-1.2162499712351722,-3.7449999789939845,-1.347500060264901
0.048199001316144435,0.06127765783840727,-0.004339412568662995,-1.0412499592505733,-3.7800000027352456,-1.1025000007977799
0.04799470502909778,0.0603727365974014,-0.0036862769015095402,-0.726250012383489,-3.6749999315114628,-0.5075000240831666
0.027760720520330615,0.02596492553462068,0.0018514502911271182,-0.65625001826182,-2.905000049533956,0.05250000226135839
0.018486213489653017,0.008164122928537723,0.005175311509500828,-0.65625001826182,-0.6650000241971352,0.3325000120985676
-0.0009629096945977478,0.014376567408943759,-0.007527999800158081,-0.4112500121555519,0.7699999886992123,0.2624999912964721
-0.002148148967342396,0.011597253253092944,-0.0067392498953505265,-0.3412499913534564,1.5050000603788694,0.017500000197943913
-0.0028851807542775625,0.009869994495014653,-0.006261780842850089,-0.026250001130679195,1.4350000128963476,-0.2624999912964721
-0.0034345885421644047,0.008757617495475559,-0.006063609069762001,0.04374999966109645,1.2600000009117485,-0.5775000182048357
-0.0038717621813977284,0.007986025951202734,-0.006013008918723321,0.1137499971178188,0.9800000244250723,-0.8225000243111038
-0.00426664750996472,0.007340473015617036,-0.006010141090758593,0.07875000005698428,0.8750000065621423,-0.8925000184327728
-0.004662942448887256,0.006693947934958548,-0.006014078278303389,0.18375000457970106,0.8750000065621423,-0.8225000243111038
-0.005052529586807546,0.006118583873628233,-0.006068129544350471,0.18375000457970106,0.9099999769425504,-0.7175000064481738
-0.005209871266838486,0.006008002371598456,-0.006197084588255964,0.18375000457970106,0.9450000006838114,-0.5775000182048357
-0.005356713780083301,0.005917447058068138,-0.00633405982901197,-0.13124999564823606,1.2950000246530093,-0.6124999885852438
0.0052018024627343345,0.0070216094317421636,0.0037587503166859786,-0.2712499972317874,1.2600000009117485,-0.6475000123265047
0.005018990581796317,0.006883273187884254,0.0036133174137967074,-0.2712499972317874,0.5600000063342052,-0.5424999944635748
0.0048968405534003485,0.006756942935675291,0.0035498363405435697,-0.37625001509471734,-0.49000001221253614,-0.43750000328107114
0.0048612114364826224,0.006626043601624219,0.0036127827340066733,-0.3412499913534564,-1.6100000248809465,-0.2975000150377331
0.0049271228724177335,0.006512254020854238,0.003808961609695543,-0.4462500092163864,-2.3100000728193426,-0.05250000226135839
0.0050688616240304055,0.006417226839989089,0.004098952484908575,-0.5512500003988899,-2.520000001823497,0.2975000150377331
0.005262026849993629,0.006362495072391055,0.004425496014858483,-0.726250012383489,-2.449999954340975,0.40250000622023663
0.005462628985763689,0.006314179462273429,0.004762781747862712,-0.8662500006268271,-2.169999977854299,0.2624999912964721
0.005636837382807522,0.0062410741527996775,0.005081207866454829,-1.0412499592505733,-1.9950000725914057,0.0874999993221929
0.0057902418752936655,0.0061375893098012625,0.005392294289747387,-0.9362499947484961,-2.3100000728193426,-0.3325000120985676
-0.005533303932555468,0.00891938243558769,0.004268786229124856,-0.9362499947484961,-2.62500007304728,-0.5424999944635748
-0.005373191639067079,0.00874483378776838,0.004653707070695758,-0.9012499710072351,-2.695000120529802,-0.5424999944635748
-0.005204913326967261,0.00857213221558737,0.005046453680102613,-0.726250012383489,-2.484999978082236,-0.5075000240831666
-0.005047474432429042,0.008421109478529561,0.00540833468344841,-0.6912499886422281,-1.6800000723634685,-0.4725000003419057
-0.004951961179027499,0.008277232007756753,0.005668286275912255,-0.37625001509471734,-0.7699999886992123,-0.3325000120985676
-0.004922456576068345,0.008178656497375923,0.00579612335298404,-0.3412499913534564,0.1749999986443858,-0.3325000120985676
