Time,Event
18:32:10,"System Armed. Awaiting sensor data..."
18:33:09,"Impact detected; analyzing aftermath."
18:33:11,"Fall Confirmed! Confidence: 86.7%; Impact: 8.01g"
18:33:13,"Telegram alert delivered."
18:35:58,"Caregiver acknowledged alarm. System reset to normal monitoring."
18:36:06,"Impact detected; analyzing aftermath."
18:36:08,"Fall Confirmed! Confidence: 84.5%; Impact: 9.97g"
18:36:09,"Telegram alert delivered."
18:36:28,"Caregiver acknowledged alarm. System reset to normal monitoring."
18:36:43,"Impact detected; analyzing aftermath."
18:36:44,"False Alarm Rejected. (Movement: 53.4%)"
18:36:50,"Impact detected; analyzing aftermath."
18:36:51,"Fall Confirmed! Confidence: 93.9%; Impact: 4.48g"
18:36:53,"Telegram alert delivered."
18:36:58,"Caregiver acknowledged alarm. System reset to normal monitoring."
18:37:46,"Impact detected; analyzing aftermath."
18:37:47,"Fall Confirmed! Confidence: 91.5%; Impact: 10.45g"
18:37:48,"Telegram alert delivered."
18:37:57,"Caregiver acknowledged alarm. System reset to normal monitoring."
18:38:06,"Impact detected; analyzing aftermath."
18:38:08,"False Alarm Rejected. (Movement: 12.4%)"
18:38:14,"Impact detected; analyzing aftermath."
18:38:16,"Fall Confirmed! Confidence: 94.0%; Impact: 7.65g"
18:38:17,"Telegram alert delivered."
18:38:22,"Caregiver acknowledged alarm. System reset to normal monitoring."
18:48:08,"System Armed. Awaiting sensor data..."
18:50:09,"Impact detected; analyzing aftermath."
18:50:10,"False Alarm Rejected. (Movement: 69.4%)"
18:50:16,"Impact detected; analyzing aftermath."
18:50:17,"Fall Confirmed! Confidence: 84.5%; Impact: 10.59g"
18:50:18,"Telegram alert delivered."
18:50:34,"Caregiver acknowledged alarm. System reset to normal monitoring."
18:50:44,"Impact detected; analyzing aftermath."
18:50:46,"False Alarm Rejected. (Movement: 17.8%)"
18:50:52,"Impact detected; analyzing aftermath."
18:50:53,"False Alarm Rejected. (Movement: 16.7%)"
18:51:00,"Impact detected; analyzing aftermath."
18:51:02,"False Alarm Rejected. (Movement: 70.1%)"
18:51:07,"Impact detected; analyzing aftermath."
18:51:08,"False Alarm Rejected. (Movement: 39.4%)"
18:52:12,"Impact detected; analyzing aftermath."
18:52:13,"False Alarm Rejected. (Movement: 51.1%)"
18:52:19,"Impact detected; analyzing aftermath."
18:52:20,"Fall Confirmed! Confidence: 91.6%; Impact: 4.20g"
18:52:21,"Telegram alert delivered."
18:52:23,"Caregiver acknowledged alarm. System reset to normal monitoring."
