-0.00357963258702456,-0.02016622599719375,0.006730938054978179,119.85312695139227,-84.21875280606095,89.27187701819813
-8.010475399783385e-05,-0.012619074939101721,0.009143996554655644,115.1981208055968,-81.62875190298129,86.08687784595114
0.003430213889336853,-0.005349471299291021,0.011290152624598822,118.27812630992234,-84.81375107522827,85.56187535539812
0.0069314915834946,0.0016858939852311097,0.013295396266241198,124.43812365819511,-89.9587481618913,86.05187312645482
-0.07353971249952715,-0.05495190984976765,0.04159835500454684,130.28312634232523,-95.5237540711859,86.92687500064682
-0.07005953035344892,-0.04821479867357726,0.043586148642132644,129.7231327926542,-95.45375146238244,87.55687798931045
-0.06635449105203454,-0.041332157379990325,0.045385419046477804,125.90813063174359,-92.93375316810624,88.01187787106002
-0.06235751658526157,-0.034208764359127126,0.04698447617308201,118.17313264200091,-88.41875223991768,87.27687438428579
-0.05814579527190944,-0.026901976170282237,0.04854756393199302,107.8481269189894,-81.34874829795662,85.3518743591769
-0.0537343953606064,-0.019500744087615873,0.04996101426057494,98.39812307016987,-74.13875279876697,82.8318760649007
-0.049146405296831196,-0.012118663262883456,0.0510695269834497,92.30812833070057,-69.48375348316067,80.10187677440328
-0.04451525199182415,-0.004941121761465899,0.05188957995960107,89.89312370434581,-68.1537517272191,78.21187463860154
-0.03990169451263459,0.0019945014385880557,0.052522179062091855,90.41812619489883,-70.25374802905289,78.10687414049093
-0.03527229106875856,0.008820029209148629,0.053133755527383565,93.35812648161746,-74.62875056982368,79.19187701090414
-0.00498530575502417,-0.03490345922814232,0.07167287801262313,97.48812330667073,-79.9837486527079,81.50187430895913
-0.00021941314292853273,-0.028029178382181365,0.0725242097564915,97.97812790791662,-80.08874915081851,82.09687257812645
0.004685690643590525,-0.021181825954736676,0.07315848580923284,95.3181243960335,-77.46375035843171,80.97687864859527
0.009647324666092276,-0.014480052251942174,0.07355490226628948,89.89312370434581,-72.73874843402194,78.14187885998724
0.014554664386278749,-0.008050819420304138,0.07373472480112866,83.10312336740941,-66.33375220022083,73.69687371041299
0.01929858651972935,-0.002044809946104899,0.07364606517049029,75.40312326697388,-59.75375285950564,68.30687773822162
0.02377205789392998,0.003460155957578762,0.07338873836972297,67.42312639170284,-53.558750791736564,63.40687270689779
0.028003076286976975,0.00855949432964111,0.07305881663564512,60.21312406232402,-48.098752210741736,58.89187860889841
0.03199353738176227,0.01328261255853402,0.0727023067338265,53.73812521971944,-43.93375066619215,54.516876068127615
0.03569614632049467,0.017635440729201507,0.07243467519528761,47.71812625886443,-40.6787488851417,50.35187452357803
0.029832021419669022,0.020193640488246407,0.0401242914306765,41.59312679989882,-38.71875097072567,45.69687520797173
0.03286516265402511,0.023863731174294005,0.04037806990192814,40.47312604017847,-40.08375061597438,44.64687705705484
0.03579204843192533,0.02746115401615061,0.04085408073681939,40.963123811235185,-42.743750712762925,45.06687563440268
0.03873706471543307,0.031121620465977596,0.041535432914710554,41.523124191095356,-43.128751400803615,46.11687720041415
0.041865135916147024,0.034917458117190485,0.04211023799262401,40.36812554206786,-41.41374895682136,47.13187404692931
0.04525568628651408,0.03889615625659503,0.042492582649752024,37.49812444905811,-38.89375066254515,48.74187599280096
0.04901195763326444,0.043205869793284314,0.042778174568510685,33.75312489695095,-35.95375037582652,50.98187409714708
0.05322557462950851,0.04795086128631498,0.04301865895589192,30.603127029105693,-33.468749970857466,53.15187642287891
0.0578623177686841,0.05307576707379169,0.04321690363986047,28.923125889525164,-32.068749021207026,54.83187414736485
0.06281529970003802,0.05844147319579829,0.04334624754179508,29.868126957426036,-32.69875200987067,56.19687720770814
-0.009406378509801461,-0.014942890521097135,0.10486288294272077,33.7181270076438,-35.95375037582652,58.856873889402095
-0.004032943834466185,-0.009387421680882071,0.10475468319611933,36.1331248038094,-37.87875040093541,60.92187230192873
0.001545224593198506,-0.0037504384763136305,0.10452914553923222,37.98812563520941,-39.5237502361142,62.95187282514822
0.007347666889155676,0.001985266060396558,0.10421548293149677,40.43812473577674,-41.23874926500188,65.36687745150299
0.013412150889483188,0.007825573406938869,0.103736847304909,43.41312632689709,-42.743750712762925,67.25687275711556
0.019680542318828244,0.013665734931720262,0.10298608396882067,45.863125427464425,-44.21375085612224,68.79687550927834
0.02610520606862417,0.019471433913671277,0.10200980727947208,47.78812545257331,-44.5637502397612,69.74187316208462
0.03264633279814025,0.02517602980805221,0.10073029423829369,49.818125975792796,-43.23375189891422,70.05687465641644
0.03928885425874824,0.0306857106153389,0.0989356658266711,50.69312443489021,-41.378751067514216,69.81187577088808
0.04596316486323645,0.03597403398955148,0.09672318515913687,50.3081271619441,-39.768749121642564,70.09187254572358
0.03806856915612954,0.07019315169370381,0.03938910671937964,50.55312604747245,-40.153749809683255,70.75687342369436
0.04485419037145212,0.07527129730317934,0.036907244652175514,53.03812645244152,-43.02375090269301,71.10687280733333
0.05152679972206294,0.08012896041014629,0.03436924120701781,56.328126122799105,-46.55874945857896,70.79187814319067
0.05797051751528554,0.08466566982133186,0.03175254261821782,59.128128022099986,-49.53375104969932,69.67187738347033
0.06411005111523238,0.08884098430170803,0.02908293503383127,60.38812716923809,-51.66875207102941,67.25687275711556
0.06981668851426617,0.09260274826811966,0.02647880142009708,59.79312890007076,-53.17375010369587,64.14187619367203
0.07501027635113544,0.09596743957955052,0.024113353725359464,56.748124700146946,-53.06874960558527,61.48187268178891
0.07982555393292877,0.0991110651014291,0.022136593934349812,53.003125148039786,-51.59874946222595,59.76687365290124
0.08447644178291344,0.10218984854695264,0.020473350929314692,50.48312685376358,-49.043749863548015,57.77187784917806
0.08900979729359788,0.10513987137758525,0.01883205409929779,50.16812535943176,-46.76875045480017,55.04187514358606
0.10819770509679018,0.06556856036793808,-0.06064061117220848,49.11812720851487,-42.70874940836119,50.07187433364794
0.11202100584630936,0.06772871532692942,-0.06275138116150213,45.02312485767416,-40.43374999961335,47.34187504315052
0.11556743967909817,0.0697840730470741,-0.06449613853089063,39.773123857805956,-39.31374923989299,44.54187655894423
0.11878052496642755,0.07179203869492028,-0.06560584213147955,34.10312428058991,-39.383751848696456,40.901874089853095
0.12149436515162601,0.07370215794119023,-0.06591238377655682,27.90812562791542,-40.04874931157265,36.52687496417688
0.12358452566537652,0.07546071977061233,-0.06531684770496612,21.818125765804243,-40.57375180212568,31.031875078780317
0.1249354670657781,0.07696953753083488,-0.06387979855474225,16.148124481040906,-39.31374923989299,24.241874741843922
0.12545906440198237,0.07807685937599547,-0.061841356158864116,10.373125259487901,-36.75874964121506,16.856874428192913
0.12513091683266236,0.07872596064109685,-0.059312247841122434,4.2131249230073795,-32.6287494010672,9.576875466426156
0.12399749289229739,0.07891732739867542,-0.0563759808632698,-1.9468749865863189,-27.938750488606466,3.1368749400155456
0.05724923447852956,0.0850540903851648,-0.010607269318218017,-11.151875254122428,-23.248749868598434,-3.75812504125781
0.05467650115064646,0.08453321505516433,-0.006551188431019447,-15.106875802450803,-20.798750768031105,-7.293124877804229
0.05178441816635209,0.08381961196448338,-0.0022695212796801333,-17.906875994204388,-19.78375050642136,-9.4981250928432
0.04869382315819416,0.0829786092620134,0.002189538043816398,-18.361875875953956,-19.643750411456317,-10.793125544383033
0.04561431060386603,0.08208010417848795,0.00655993773667455,-17.10187502126856,-20.308749581879805,-10.793125544383033
0.04272995617290034,0.08121849200047483,0.010700862585100801,-15.316875091124722,-22.75875038999443,-8.938124712983026
0.04019698357849432,0.08055694727844176,0.014731862129421408,-12.4818753025167,-25.103750699998443,-6.1031249243750025
0.03815538171112962,0.08016152727008473,0.01850055262947666,-8.841875394746499,-28.00874968231534,-2.078124968894342
0.03672919628209416,0.08012463436457237,0.0219714021828561,-5.376875178795778,-31.22875186651135,3.9768750829189856
0.03613696550375095,0.08063228852158293,0.025185556829765546,-1.8068751050646865,-33.048751393509626,10.276875087477729
-0.08486529981202913,0.027011585527239222,0.16073429620958612,3.75812504125781,-34.833749616106175,18.46687466651727
-0.08348009029781174,0.028683675052436727,0.1628409102786936,4.948124994687037,-34.97375141861851,23.436875476455388
-0.081434988708185,0.030785987379597108,0.16473783265560044,5.823125161331737,-31.22875186651135,27.18187502856255
-0.07879323308013386,0.03316293068982045,0.16607358428923968,5.613125018884172,-25.173749893707317,29.771875931642214
-0.07567716787106886,0.035696681000284704,0.16677972616648698,5.228125184617125,-16.073750551168636,29.84187512535109
-0.07232001068395212,0.03814031346250139,0.16660627118187454,8.973125163611108,-9.528749953534245,28.161875693317857
-0.06898880977027885,0.04022046088200218,0.16529363229734087,22.27312564755381,-14.848751000884972,28.12687609646342
-0.06588139665236166,0.04177215023993473,0.16276153463350038,41.7681264917183,-28.323749469099866,29.98187692786343
-0.06304516340249904,0.042746628460898675,0.15899765625155543,62.52312819056818,-43.47875078444258,33.27187659822102
-0.06038134008129559,0.04320810572695173,0.15401611755868833,80.72312346055095,-57.23375115013485,36.03687377802558
0.04284282221585117,0.21741130179464513,-0.012078343545989523,97.97812790791662,-65.77375182036064,33.586874677458255
0.04467570453608801,0.21656242471708556,-0.01908675610836857,99.41312333177962,-65.5287529348323,29.036875859962556
0.045804024714820854,0.215073292894587,-0.02631331802508153,93.63812325645297,-57.548749229372085,21.12687476330581
0.04611627771220076,0.21293972610333642,-0.03350818801242156,79.39312853479856,-47.64374891389758,13.216875374196356
0.04572712803956322,0.2105770733256831,-0.039688673223559644,57.903126764269025,-41.13374876689127,6.9868749902333125
0.04474837238027901,0.2085434916551689,-0.04354449222576363,36.93812406919793,-35.84874987771592,2.051875057810102
0.043326707425832015,0.20699364937287465,-0.045040477671025356,22.97312441483174,-37.03874983114515,-0.25812501500924095
0.04153159294167304,0.20587592557543521,-0.04450429105612845,13.733124977328016,-42.67375151905404,-1.9381250873727094
0.03925205856774317,0.20503477705120432,-0.04213937804118087,7.748124759553798,-46.838749648509044,-3.898125136222854
0.03653321183541985,0.20428457269853287,-0.03852810213203702,1.4481249684384676,-49.463751855990445,-5.018125042169559
-0.019627171554332114,-0.07328846160546476,0.07409645998271354,-6.356874989777439,-47.39875002836922,-4.108124851783597
-0.022320985551031115,-0.0734156181809856,0.07971876379668287,-8.106875323066841,-41.86874883857093,-2.0081249214118198
-0.024440990918516262,-0.07326056104187571,0.0850405289613994,-6.041875202992913,-34.588750730577814,1.7368750575821648
-0.025703710153562213,-0.0728232901881351,0.08935904041099742,-0.5118750270508242,-28.07875058357151,8.141874919921278
-0.025606690075297846,-0.07192303524347864,0.09198424526918432,7.608124664588755,-24.613749513847143,16.436875850845073
-0.024086449610470025,-0.07049801638853051,0.09291626505409419,17.303124837615695,-26.11875096160819,25.711874885203237
-0.02120491440021542,-0.06852368696020283,0.09239925400075805,26.753125271340632,-32.5237489029566,35.791874892497226
-0.017236812642104277,-0.06597214639490655,0.09123462420355653,32.91312432716068,-42.04375194548499,44.9968764406938
-0.012570856543491375,-0.06286555960030123,0.09032732120712234,36.44812629814122,-54.25874955901449,52.41687635119925
-0.007547248272599308,-0.059297155288867386,0.09021508705846881,39.318123976056384,-67.83875023288728,56.301874290724164
0.00028780354879925614,0.24292179811499048,0.12401888008389876,43.903124097953814,-88.69874901475319,59.486876878065736
0.00474309581013873,0.246716469192116,0.12625155706532018,47.053125380893654,-98.63875063462942,60.99187491073219
0.009064037622418728,0.25052416701321695,0.12900190129800188,49.57312709026444,-105.56874935898357,64.31687247039693
0.01366150610065363,0.25455035443942725,0.1320243732401841,52.26812507636013,-109.80375351233661,67.95687835458266
0.018697023148687365,0.2587771926086612,0.13493918011555492,56.85312519825755,-110.95875216136412,71.45687902116146
0.024260706614767494,0.26308102466766015,0.13712597184954067,62.76812707609654,-113.19875368080481,76.11187833676776
0.03044160498756152,0.26746982220602084,0.1384241500761166,70.08312307339679,-117.46874889327584,81.01187653790242
0.03716880028400946,0.27186644551221745,0.13877528887640808,81.8431242202713,-123.03375480257044,86.15687362456543
0.04440748971050546,0.2760940127902561,0.1376523397992024,97.2781291406387,-133.3587468652036,92.03687419800269
0.05204252268317764,0.2800322696946326,0.13494681145437631,114.14812948486907,-148.19875351640368,97.60187327710813
0.42036257752584755,0.6565980590447008,0.30221455444740347,136.19812480506963,-173.67874689437957,100.15687629088065
0.42771175123986604,0.6595406449655267,0.29732434878412495,145.82313176080322,-192.47374726371885,95.7468758608027
0.4335076801638355,0.6614670476417658,0.29237007876054955,148.55313105130062,-211.54875806827195,83.2168733378468
0.43651117097347153,0.6620322527870854,0.28844329316803197,140.95812461878654,-225.6537544025086,67.0118738715872
0.43642051844543395,0.6614756997329136,0.2867594406874537,122.54812835258254,-233.5987533884725,49.6518757563001
0.4334291794492078,0.6602815167254993,0.2885221827406888,96.61312826266791,-229.39876078480492,31.556874154238763
0.4281129069041525,0.6587826634522729,0.2939127757765588,64.06312411254179,-208.32874734633947,5.4468752262783
0.4201471015704638,0.6565581038822093,0.30252945654010677,31.618123875620853,-175.49874642137786,-24.408124961336615
0.40951897974043444,0.6531384863741657,0.31334685501580817,4.283124970489902,-144.6287502410214,-54.403126097690226
0.3961130019721635,0.6480839152827054,0.32573074375817535,-13.251874971050794,-122.08875714976416,-80.96812917626849
2.514917916114177,1.1936205242751934,0.8040962355338591,-17.521875306163693,-97.41374937679846,-121.77812014631198
2.4943344940589958,1.1825640267188395,0.8159019166905581,-11.221875301604952,-87.43874986761509,-154.3981200750524
2.469981871127596,1.1675468157069278,0.8261759346778239,-2.331875034296778,-75.46874772451936,-192.61812380239456
2.441385640524457,1.1475450280487962,0.8343598407585929,9.568125140325723,-63.35875402419505,-237.94313619119413
2.4080060673051653,1.121182592393912,0.8400355153370583,29.553125463094215,-64.37374745561563,-286.9781297522262
2.369665248921401,1.087089075833164,0.843734721768036,61.47312320946212,-72.5987500466042,-338.49813737860563
2.326857812786199,1.043753181636394,0.8452556427344148,102.28312783988396,-73.0887478176609,-395.09313948284466
2.2805881791887663,0.9892461739791886,0.8433615152745922,138.78813253833846,-63.21874880658813,-454.45313876688823
2.2327333658356427,0.9221389023900396,0.8380818925987811,155.06312095302317,-41.02875168387525,-510.663136767992
2.186315382900102,0.8423802320381187,0.830394266577671,149.11312460097164,-14.988749388302724,-560.2931490887588
4.763206380830506,-1.338219521121026,1.8448620639688256,116.98312244328793,29.98625166402682,-630.1881141109002
4.728660622381897,-1.4438485272919852,1.8334236106133728,96.08812577211488,59.631253416741465,-676.2481231562848
4.70570050005276,-1.559832336705759,1.8199347088703928,91.9231242275653,93.51125249261999,-711.143122493773
4.6977681851168285,-1.6836475523969083,1.8026272212814969,113.79812327104095,131.17125584010196,-722.3081322016694
4.707319316027968,-1.8104584331298579,1.7811027627958556,161.1181246333745,165.8212562920619,-711.1781477038369
4.734516824300379,-1.9356808288138696,1.758066618722027,225.93812249841292,191.6512558838659,-686.6781498679744
4.777645068309601,-2.056381583335324,1.7385704437162532,301.32813863236953,200.29625363710772,-652.2381504122358
4.833362202153415,-2.170380758582999,1.729301818163266,368.1781233602491,188.15124838709792,-613.3531184861661
4.897530776402029,-2.2756111852741143,1.7355396842373254,417.3881336885736,164.38624720782053,-571.8781334683409
4.966323650332887,-2.3698355687381536,1.7586635157967196,441.328137974765,131.83625671807275,-531.2081272253369
0.8758264944094036,-3.4823441967201036,-0.11096248568380279,422.00812828468355,76.22125015594717,-478.42814094238685
0.9428477311596107,-3.5477314520319667,-0.062263072691440095,380.14813916372316,47.83625096546522,-444.9681370287616
1.0084953269219665,-3.599660330956135,-0.011762906773496232,330.9731267247058,35.44625024502165,-409.7231314774452
1.0716835900791801,-3.639514390360203,0.03583299396720987,277.6331195713281,36.111251122992435,-374.93312580787835
1.1315757953671017,-3.6693250245882707,0.0773102561511274,224.43313129593562,46.33124951770417,-340.17811802761867
1.1872947762865538,-3.691165624651583,0.11109568171058833,177.2181236015235,62.04625121290706,-301.8881321820405
1.2374940146972158,-3.706730444982997,0.13736597016438554,144.00313223380493,71.84624761517638,-261.14813016042217
1.2812082677563152,-3.7174664263088526,0.15851566672446651,122.61812413119684,71.9862528327833,-220.23312503188973
1.3181100197888296,-3.7245428647226997,0.17674671643613918,109.4931233390736,58.056252775271545,-182.7831295108181
1.3487571848520323,-3.728938904741853,0.1937101375801483,103.50812909771491,31.94624957844285,-152.85813098326796
-0.301427821743622,-2.053708573243183,-0.26597045855663115,103.36812388010799,-13.448750051234533,-119.64312595517106
-0.28059285715085647,-2.054521675382064,-0.24788010254061793,102.73812772163353,-37.31875002107523,-101.51312646380256
-0.2623362886310231,-2.054278444684852,-0.22949175975616795,98.11812629533438,-52.193751146487855,-85.48312327426787
-0.24637896472647042,-2.053267997096195,-0.21179419895681523,88.98312394084667,-55.41375162313658,-70.57312767464268
-0.2327630765333574,-2.051801030181356,-0.19578134126497942,76.55812874619055,-50.12874931886664,-56.748124700146946
-0.2215517648741618,-2.050165298881881,-0.18210188693591942,63.608124230792214,-39.59374942982308,-44.63812416963347
-0.21265452304260687,-2.048563203801924,-0.17084366927696173,49.67812417328046,-26.43375074839271,-33.858125395061556
-0.20598203521013017,-2.0471703143416313,-0.16214071063820373,35.433126036531476,-14.148750526059754,-25.63312451162028
-0.20111173421721695,-2.04611573136667,-0.15599202672275927,24.688125151266703,-6.5187500462199175,-20.593124507973286
-0.19736456457871057,-2.0453609579321563,-0.1517410793557201,19.718126048875877,-5.328750092790691,-19.578125953910835
0.14028295221435672,-1.1863727938995206,-0.09685226172117647,3.6531249700340274,-12.118750002840263,-19.753125645730318
0.1440945629193756,-1.186330797232376,-0.09617355863860866,-16.856874428192913,-13.238749908786968,-20.97812519601398
0.1481542771987837,-1.1870256865304059,-0.09899649780460089,-43.631876795445095,-9.983749835283815,-23.813124984622004
0.1525749610955319,-1.1886466412247745,-0.10641825430011652,-72.8568765557173,-0.6737500301324505,-28.748126197705684
0.15751908435491002,-1.1911676078275317,-0.1188874973798746,-100.26187678899126,12.836250276092702,-32.458124445411116
0.1626930834685626,-1.1943315511814314,-0.13611955866293562,-124.65688095693227,26.59124978801133,-33.47312470702086
0.16772253676170482,-1.197803470094391,-0.15760900777414302,-142.8918741162222,35.76125173935347,-29.76312645931543
0.17202074253109495,-1.201179729932188,-0.18230062984423778,-151.95687386190644,40.101249560627956,-21.293124982798506
0.1749423908774155,-1.2040813885454493,-0.2086156491231967,-150.976878319793,39.646249678878384,-11.493125165434606
0.17636118800389777,-1.2062770754068513,-0.23481262568669217,-141.56187236028063,36.00625062488183,-2.9531251355390427
0.06350955710377046,-0.1633658686179998,0.33095762756378766,-122.41687943749157,21.656250282474943,5.516875273760822
0.06241407112487108,-0.16413143286282134,0.3096410866055892,-111.91687743775516,7.726250224963186,8.176875370549363
0.060966972424957244,-0.1644336727659515,0.2901261491999106,-104.8468734957941,-4.838750187299861,11.57187553901756
0.05894641142251173,-0.16437242762636578,0.27183144828959704,-100.64687406193737,-12.398750192770352,16.821874831338473
0.05596496400240121,-0.16399591583967452,0.25427266119938496,-96.23687363185942,-14.953749791448287,22.52687571295625
0.05193584191325243,-0.16333524604820693,0.2374986139155552,-89.51687590372649,-12.993750169484965,27.951874697096645
0.04694330582924939,-0.16244369180195192,0.22191738863603783,-80.6968750435706,-8.198749905139975,31.731873846058242
0.04132179795905841,-0.16139513612644144,0.20788986991547906,-71.31687380355454,-4.663750068593556,34.18187636172016
0.03509607154659539,-0.16022933975515258,0.19525763456245446,-60.95687702142505,-3.2987499964580245,36.10687638682904
0.02800586816610789,-0.15896992581335412,0.18387652561448278,-51.85687597133907,-5.398750140273213,38.03187641193792
0.3925187872090471,0.209564730054134,0.18322846940533466,-44.8918759425832,-16.073750551168636,40.866876200545946
0.3851221971191033,0.21073528993627955,0.17556014046391943,-45.10187693880441,-25.033749798742274,39.39687605718663
0.37777409276466484,0.21201054984276446,0.1679574313149175,-48.67187679909209,-34.51875153686894,34.566877049760855
0.3710213786600562,0.21343104822312411,0.15986864962952094,-55.111874337294935,-40.60874969143283,27.006875336743068
0.3653845655808755,0.2150395594605612,0.15078249570669627,-63.93187519745082,-41.69374914675144,18.95687585266857
0.3610435246692156,0.2169053974987656,0.1402402264384076,-72.05187729032878,-37.03874983114515,12.936875184266269
0.35778990093235086,0.21906258741528492,0.12829801965804882,-76.00687783865716,-26.92375022699672,10.031875348175724
0.3552640006933494,0.22146300802901614,0.11560114880949714,-74.81687447013334,-11.768749765427655,10.34687513496025
0.35311653222755796,0.22400137602857614,0.10295695607207722,-69.74187316208462,1.7062499834477085,13.426875516643923
0.3508850218202239,0.22657289417511825,0.091037862040824,-62.70687393961987,10.946249847838256,16.7518756376296
0.08094630353190727,0.13071880671105496,0.2720534619205953,-49.93187594623019,12.976250371057747,18.53687556777344
0.07829364165132077,0.1328763854856034,0.26339719054895805,-40.27187451628404,7.691249774335102,18.221875780988913
0.07551071233098051,0.13472501655601943,0.25646479973127106,-30.611876501432477,0.621249994520559,17.241875116233604
0.07262208046169456,0.13622105060853482,0.25127932930575964,-22.736875001630168,-6.0287501407290875,16.05187516280438
0.06966372148706278,0.137406484310294,0.24753367864392947,-17.311876017489773,-10.578749811998428,15.561875684200372
0.06659746656116482,0.13837765723801046,0.2447837232692769,-14.231874782032454,-11.803750216055738,15.281875494270285
0.0635257372433257,0.1392309089683976,0.24258159594676787,-12.341875207551656,-10.368750523324508,14.931874403084029
0.06057154634069351,0.14001163867635463,0.24067937537921433,-11.606875135871999,-7.393749785977795,14.651875920701233
0.05779120535660957,0.14076670375439004,0.23885631172421268,-11.431875444052517,-3.2287499489755027,14.231874782032454
0.05525893756738132,0.14151817189565613,0.23699176177822973,-12.096875468249651,1.181250054215617,13.076875279231313
0.0684918613608824,0.08517497662496615,0.12413794355168863,-11.956875373284609,3.806250127262897,10.171875443140769
0.0669513273676601,0.08589222525967005,0.12205884118814109,-10.34687513496025,2.5112501026098877,8.106875323066841
0.06570398017657762,0.08650341286693265,0.12027563548112377,-7.406874848241621,-0.9537500066191266,6.111875250475435
0.06463711171825848,0.08695040517140115,0.11905287140856946,-3.031875082235174,-5.153749974084386,4.466874988409816
0.0636593889631141,0.08717185981898254,0.11864442465623705,1.5181250159209894,-8.5137496919245,3.5568750114672656
0.06268443682142719,0.08717419296715723,0.11906448854218929,4.773124875980732,-10.578749811998428,3.6968748929888977
0.0615939938450929,0.0870345929347047,0.12007299184070085,7.118125185984748,-11.52375002612565,4.11687517788403
0.06039311518848975,0.0868016669752644,0.12149599349462292,8.378125186896495,-12.363749742142268,4.921874870159385
0.059024104041547704,0.08653209114657993,0.12314922340540832,9.568125140325723,-13.30874995626949,5.866875084286608
0.05745989831580299,0.08623373982374091,0.12502334898035825,10.793125544383033,-14.18375012291419,6.146875274216696
0.03824148946095193,0.08296373544239972,0.0629393211076991,9.008124760465547,-13.623749743054017,4.641875107116121
0.03687735119118724,0.08267218913507024,0.06473783809961285,5.193125160875864,-10.683750310109033,2.5068749395596712
0.03600019684382292,0.08250429968099954,0.06583422331270457,-0.5818750211724933,-6.58875009370244,0.8268750272787614
0.03558067978947413,0.08254581027560763,0.06587726503580231,-6.916874942750791,-2.213750114252581,-0.6781250331001081
0.03559929636761804,0.08282899613531114,0.06476158274301573,-11.116874803494344,1.9512499361931237,-2.078124968894342
0.036032557122933385,0.08326296169580426,0.06285603257858789,-12.201875112586611,4.296250032753727,-2.778125016832738
0.03668486646677497,0.08373396598357065,0.060718139741763426,-10.486875229925294,5.066250128174645,-3.408125017288612
0.037478489248759884,0.08412039365000437,0.05885383283204867,-5.516875273760822,4.506250175201293,-4.038125231187898
0.03835423398576866,0.08427924215489814,0.05783480606312416,1.7631249686664046,4.0512498665649,-4.038125231187898
0.03920862798661631,0.08411660228422049,0.0580479488703332,9.568125140325723,4.506250175201293,-3.828125088740332
0.017107201400274653,0.07922486549245229,0.16328209401635219,19.053125170905098,7.201250295731095,-3.5831249225515056
0.01802303496972258,0.07832242322138204,0.16633076526824608,21.958125860769286,9.931250440002158,-3.828125088740332
0.019092503916111437,0.07730186532396789,0.16981432561845225,21.85312536265868,13.186250513505312,-4.913124970945776
0.02047805368110431,0.07627712720274074,0.17322271485090499,18.98312597719622,16.33625008889786,-6.348125090563829
0.02222823075927361,0.07535815846543306,0.1760925600166593,15.098124622576723,18.786250897012483,-7.293124877804229
0.02423318275739415,0.07459298307864065,0.1782673457589961,11.17812537865008,20.081249641005023,-7.71312516269936
0.026340817578828054,0.07401912584217316,0.17964139990850325,8.798125471791627,19.871250352331103,-7.153125209726008
0.02831429638021704,0.07360168674791746,0.18046082099035732,8.86812551927415,18.891249687575794,-5.858125185072999
0.030005901717750787,0.07325210337974244,0.1811401316635956,11.038125283685037,18.016249520931094,-3.7931250649990713
0.031305039937586106,0.07290514480326396,0.18200118485819186,13.873125072293059,16.721250776938554,-0.9231250392063761
-0.026021370707909507,-0.14344078320611142,0.05379692859241357,16.393125074116558,15.811251013439415,4.536875035892338
-0.026194205950038026,-0.1437988242364197,0.055378292678693014,16.673125264046643,15.671250918474371,7.756875085654231
-0.026897419240253538,-0.14415239339939315,0.05719044400525263,16.393125074116558,15.146250135468634,10.311875538105811
-0.02805690882038268,-0.14448360322569245,0.05914127182644563,15.798125097401943,14.481250965045144,11.67687518335452
-0.029481951978957616,-0.14479264814433215,0.061140002096100314,15.798125097401943,12.906250323575224,12.691875444964266
-0.031149824824901893,-0.14509916548578258,0.06327609646454013,15.168125523832892,12.451250441825655,13.56687475783532
-0.03299047215390764,-0.14537904605223861,0.06541452398115463,13.628125332991056,13.466249849661754,14.791876015666277
-0.03499744135305422,-0.14558679345429368,0.06735487693918832,11.843125402847216,14.936250846794714,16.331875352734468
-0.03720479395532948,-0.1457061728692322,0.06903228895865934,10.128125520185897,16.721250776938554,18.116875282878308
-0.039642459877161924,-0.14572201883391867,0.07040896789986302,8.938124712983026,17.91125073036778,19.656874619946496
0.03360208507463958,-0.16102708200188343,-0.02704688654519488,7.223124830321707,17.596250943583254,21.056875569596937
0.030695614343267938,-0.16085423460794152,-0.026193318867659104,5.228125184617125,16.371249685752296,21.19687566456198
0.027716609437652803,-0.16059185265279569,-0.02566136108382883,2.358124945381018,15.041249637358026,21.091875166451374
0.024707030569498446,-0.16021252164539332,-0.025596543311100606,-0.7568750331570924,13.11625046602279,20.74187578281241
0.021687219874452983,-0.15971594994221258,-0.026020690206358554,-2.366875058038039,11.716250370145998,19.656874619946496
0.01880038647355168,-0.15917446513666897,-0.026690328036122608,-2.681875058265976,9.861250392519636,18.606874761482313
