0.34372993686998776,-0.5562818743037885,0.23435997063717467,90.94312868545187,-10.543750215143989,-100.70812719841403
0.34348641452925405,-0.5711087879177019,0.23569248988844688,85.83312265790683,-26.573750843357757,-103.50812909771491
0.3407725986476824,-0.5850285443569421,0.23701499604546938,78.4481240518031,-61.18874828336864,-104.87312874296363
0.33234089278785944,-0.5977419173681043,0.23812635229268203,79.56812481152346,-38.2637510889761,-107.11312343221516
0.10168865915467615,-0.376679481716331,-0.3646158418645674,78.20312516627476,-26.748750535177237,-115.96812901186736
0.09998061241359885,-0.38940469059375443,-0.3628325389430428,69.8031262985613,-43.65375047626206,-130.84311989199622
0.09601610151635033,-0.4006272548321676,-0.3612038070880917,67.59812266842773,-53.03375171627812,-145.0181256652255
0.09111385948188928,-0.4114751786631546,-0.35952121839610807,72.35812248214464,-51.17875088487811,-152.71812576566103
0.08707356987621684,-0.4231967692710573,-0.35750780873585425,71.62312582555957,-44.00374985990102,-152.26312588391147
0.08457626893007548,-0.43485526766373594,-0.35531319123403254,51.14812431663977,-41.973749336681536,-143.68812390928395
0.08240765023304417,-0.44308219116397585,-0.353682223445414,30.393126032884478,-48.16875140445061,-135.25312715226335
0.07904966672261556,-0.44785061135326076,-0.3527386594377648,9.218124902913113,-56.42875188474632,-126.92312406316417
0.0740545240746361,-0.44912397557685374,-0.3525357727610737,-4.326874893444772,-59.43875136517382,-125.5931223072226
0.06850067142560455,-0.44820170154629857,-0.35278036446138744,-11.116874803494344,-65.9137502077784,-125.2431297537728
0.018108365003486657,-0.04575977996219553,-0.2353287618094628,-16.19187525776942,-65.49374821533598,-121.49812337147648
0.011284809624140172,-0.043091946542566824,-0.23585721987103103,-25.011876117925308,-62.1337527663641,-115.05812924836822
0.004728237180291816,-0.03904423825480765,-0.23661763174696676,-35.8618740862061,-59.40375347586668,-110.05312371893379
-0.0016431423866785264,-0.03325149310595155,-0.23766813171262283,-39.3618747527849,-53.628749985445445,-106.41312466493723
-0.007270849200685211,-0.026952977331163443,-0.23875965620035058,-34.04187455920782,-53.24374929740475,-100.14812681855386
-0.013156258002698238,-0.02163426227161279,-0.23958704887180152,-32.32687553032015,-61.32875350097556,-80.2681235788014
-0.02114817758340476,-0.016600482932896666,-0.24021379080022875,-47.09687615762217,-66.33375220022083,-66.54812451751084
-0.030507868826085516,-0.008877883992792998,-0.2411494804327884,-58.6818776126772,-65.38874771722537,-57.06312619447876
-0.04001776863432562,0.0010356382978557932,-0.242284168161748,-62.88187704653393,-58.63375209978529,-49.71312547768219
-0.0486027210130604,0.011851590707761431,-0.2434272163383336,-67.50187847283308,-51.31874927229587,-42.78312675332805
-0.02013395078077715,-0.2514478992613813,0.2794462120375016,-73.06687755193853,-46.03375038312051,-37.84812383269707
-0.027199045476806516,-0.23937288531226605,0.27840203101481864,-77.47687798201646,-40.71375018954343,-34.55812416233948
-0.033504554620212006,-0.22651918315984665,0.27739916615772925,-79.33187539832188,-35.218750304146866,-33.7181270076438
-0.038963452999258866,-0.21335616874889252,0.2764920575903096,-77.96687575307318,-31.22875186651135,-36.58812468555897
-0.04376596510106513,-0.2004930975483341,0.27575108861582964,-71.91187890291103,-32.663750705468935,-44.56812497592459
-0.04878630453414994,-0.18884458794627834,0.27531478990716185,-62.56687555220211,-44.59875154416293,-61.088125936516015
-0.05575241663404925,-0.17916728475650393,0.2753853676394463,-61.34187429437116,-56.63874946587295,-68.858128645755
-0.06481883601189631,-0.16994670747373933,0.27587775911881407,-59.38187637995513,-63.35875402419505,-76.34812774996934
-0.07507806524224238,-0.1613519607333962,0.27672576126580817,-37.26187503585654,-35.11374980603626,-90.4881288037023
-0.08042523984879893,-0.15701938963568296,0.27724615052327223,0.25812501500924095,-12.293750548433392,-98.85312295191945
-0.06640386994582555,-0.09449868634814029,0.10084352483564682,14.95812452761168,-3.823749925690116,-91.50312906531204
-0.06629729854222102,-0.09927083106823531,0.10106060483040065,8.448125234379019,-1.7587500190596,-77.64312478641457
-0.06589458744581807,-0.10258373742682002,0.10117949817280278,-14.581875019445064,-21.98875072146033,-68.1581230482879
-0.06905244274119961,-0.10171180835922194,0.10157409185784794,-47.16687535133104,-44.59875154416293,-66.75812551373205
-0.07616442520927094,-0.09524834386920832,0.10228123018379483,-73.94187259594135,-59.57874975259158,-68.1581230482879
-0.08594332971096524,-0.0843149198790695,0.10333153572043634,-92.63187929735918,-72.5987500466042,-85.79812476859968
-0.09800246123995376,-0.07081305822708799,0.10492847843150722,-90.42687566722563,-71.89875127932626,-95.6331258903653
-0.11008964523019897,-0.058199299706353076,0.10687461565272402,-69.53187899605257,-69.90374864541393,-85.30812699754297
-0.12199866540813542,-0.049064574985329165,0.10909538385700376,-44.261876369014146,-62.69375314622427,-78.86812604424553
-0.13274920460645576,-0.044222539110407307,0.11128027990809759,-36.3518752723574,-58.56374949098183,-82.08812310579967
-0.1474672865794704,0.08297346296903432,0.25329609286651456,-30.961875885071443,-63.253753526084445,-81.77312844165702
-0.15836068249623708,0.08511817297318174,0.2557622304871663,-23.296875381490345,-68.50375111085806,-80.02312469327303
-0.170134282865534,0.08585641994145789,0.2585588002180591,-14.231874782032454,-82.78375055200878,-68.96312914386561
-0.1842684945078314,0.08533545347285683,0.26210081079076675,-3.066875105976435,-90.62374903986208,-57.693125768047814
-0.199632226630939,0.08325338606683728,0.26618722260423633,9.568125140325723,-100.66875115784892,-39.98312485402717
-0.2165671639243154,0.07973464014090285,0.27099554934875925,15.903125595512549,-105.35874836276236,-17.163124742650652
-0.23415613611903757,0.07620684718988478,0.27634759683249316,24.33812576762774,-102.48875068484719,-13.208125048095924
-0.25115990128356747,0.07145661218936776,0.28187715800651836,31.233126602674744,-98.74375113274003,-20.383125219299366
-0.26742325645703424,0.0651473177560851,0.28752269608772735,33.68312570324207,-96.99375421454522,-28.95812377883231
-0.28325544098709216,0.05789980003714683,0.2933832726590373,34.033125086881036,-99.09375051637899,-37.183126369820876
-0.26509210117973925,-0.3382579752915253,0.16814376722174437,33.54312390072973,-103.36375255903918,-38.968124592417425
-0.28161132493636415,-0.34622482568116725,0.17505513540223225,29.90312484673318,-107.66875249100652,-31.16312399387128
-0.2986905771657961,-0.3531475922626336,0.18258313520239033,24.023125980843215,-108.19374815137039,-20.97812519601398
-0.3157521363549033,-0.35846211494655783,0.19045789915001232,17.793126023766995,-107.4587514947853,-12.193124786486178
-0.3326006256476819,-0.3621716747225607,0.19856500577003097,12.123124739003657,-106.30375284575781,-6.38312511430509
-0.349161214177154,-0.3645575617674537,0.2068570143828941,9.673124784662683,-104.65874959548444,-4.318124994231162
-0.3653266257345372,-0.36640106477261075,0.21530271913176524,5.403124876436606,-101.3337520358197,-3.2331251120257187
-0.38078446150069084,-0.3674541652263365,0.22369359489853105,0.43312500031341356,-100.1787533867922,-5.963125256296782
-0.39563285952071287,-0.3677841112640412,0.2320478207960527,-6.4968750847424825,-101.12375103959849,-11.28312502298704
-0.4107352790482547,-0.36779813445671616,0.24087178719274616,-15.526874379798642,-104.37875282064893,-18.843125882231178
-0.12614481553632792,-0.07066460559856635,-0.0009607709754376114,-22.596874906665125,-107.42375360547817,-30.218126341065
-0.14084044095816112,-0.06955185189281156,0.008267607771536139,-28.72187436563074,-104.09874921562425,-46.38812450292287
-0.154758204500002,-0.06923315235841772,0.017390022705575863,-28.581875978212988,-106.40875334386843,-55.76812574293893
-0.16875271889533958,-0.07002338478446128,0.026974498192712314,-23.541875974565993,-104.58875381687014,-65.56812897539741
-0.1821926245266509,-0.0726783008264353,0.036642529548855,-16.576875945810116,-103.50375094645693,-84.53812562146157
-0.1950433616365983,-0.07843180169388424,0.046457063167467026,-10.486875229925294,-107.87875348722774,-94.09312313820254
-0.20814350256496977,-0.08628096177065166,0.057018690274517586,-5.866875084286608,-116.38374602286264,-101.058126582053
-0.22197960592069635,-0.09577975482143515,0.06877556974856253,-0.30187499132496426,-131.0137516778415,-104.20812786499285
-0.23734202564795567,-0.10675195524816483,0.08252281904463617,12.193124786486178,-140.5337513052753,-102.07312684366275
-0.2534544552988719,-0.11944323626254798,0.09788455827034455,24.72312474812114,-133.39374475451078,-101.54812435310971
-0.22379178155088278,-0.00040117996791330196,0.07366823007814988,33.54312390072973,-129.43875103637157,-98.99312816952637
-0.23733303330603236,-0.01593843998651378,0.08892288752409053,41.45312499738648,-130.76875279231314,-91.57312484392634
-0.2507117424050116,-0.0318033979573381,0.10502073499891493,46.59812549914408,-130.27875502125642,-82.01812732718538
-0.2637973497645449,-0.04730645062118981,0.12173506827164862,50.93812673551315,-128.63374494079386,-72.21812409472689
-0.2765156807155784,-0.06222460005018446,0.1389284260289992,54.718124176927454,-123.45375679501286,-59.128128022099986
-0.2886449889670089,-0.07598471811665915,0.15615935719341312,54.22812640587074,-118.02875610332518,-51.0781251229309
-0.300116300825922,-0.08865772280367386,0.17326332621132076,50.51812474307072,-113.79375194997213,-44.7781259721458
-0.31090307673183054,-0.10004086110448497,0.19002087133253992,45.02312485767416,-108.43875386708791,-41.24312400116527
-0.3208446211042025,-0.1103042584068306,0.20615410488801386,40.05312404773604,-102.73374957037555,-39.0381237861263
-0.3299149290623407,-0.11970220355812562,0.22157854747091715,36.23812530192001,-97.72875087113029,-37.04312456730854
-0.22910756802340165,0.06880147741475236,-0.09117330615309036,34.31312527681112,-94.9287489718294,-35.64312703275269
-0.23690300493308405,0.06053010258105916,-0.07664887547857535,34.383124470519995,-92.79374795049931,-36.6231259899607
-0.2441583666475784,0.052155121386233454,-0.062241539678077815,35.363126842822595,-92.44374856686035,-38.82812620499967
-0.2509887551435029,0.04342083537250484,-0.0476728764027509,37.91812644150053,-92.19874968133199,-40.928125921928036
-0.257398836717207,0.03420686867623519,-0.032854031592941674,42.4331239545945,-87.05375259466898,-44.00812459606442
-0.2628977267141857,0.02420964469481924,-0.018380298283972626,43.27312452438476,-82.78375055200878,-45.96812592557503
-0.2676338230798004,0.013925808042318206,-0.0043223028153819044,42.08312457095553,-80.92875313570336,-47.053125380893654
-0.2718735421712488,0.003656602173162649,0.009548943584726004,39.45812577856872,-82.64375216459104,-47.96312514439279
-0.275920776538285,-0.006464375876019368,0.023656664273789898,36.58812468555897,-85.0237520714495,-49.88812516950168
-0.2797548194908585,-0.016573712487954733,0.03807367291776169,34.31312527681112,-82.99375154823,-51.14812431663977
-0.6660185336580577,0.2084246226163936,-0.28413234014637484,32.14312636617388,-76.86875208926438,-51.35812531286099
-0.6685743030544207,0.19854935423435907,-0.27095287218006375,29.65812596120482,-70.91874890702367,-45.40812554571485
-0.6708213191756658,0.1897732659825005,-0.2587139059644227,24.023125980843215,-62.308749043088994,-38.86312409430682
-0.6726783106937078,0.18239320235879414,-0.24803297235331404,17.513125833836906,-52.33374953390561,-30.113125842954393
-0.6742775865529533,0.1767712630992271,-0.239192236454115,9.078124807948068,-37.14375032925575,-10.863124738091908
-0.6760324056238453,0.17456597630523152,-0.23312004820408563,4.808124899721993,-31.403751558330832,3.3468750824631113
-0.6783057668765629,0.17474584744732435,-0.2281574420365111,-0.40687500918789427,-26.608750440212194,17.97687518791326
-0.6811929405282396,0.17744114396525934,-0.22423743715587618,-6.076875226734174,-19.99374979509528,32.9568751038892
-0.6845957399265239,0.18273877562854388,-0.2216510208860936,-11.886875325802086,-12.258750097805308,46.221874283430175
-0.6883035984486493,0.19041009391605793,-0.2205685616511696,-15.001875304340196,-6.5187500462199175,58.36687611834538
-1.215094236788035,0.2120926231905347,-0.277868371977111,-15.001875304340196,-0.5687500122695205,71.10687280733333
-1.2193882015745452,0.22378373705040544,-0.2786829323336011,-13.041874828603229,1.1112500067330953,83.67187321959638
-1.2241436436271083,0.23731553469472216,-0.27960447725535165,-11.67687518335452,1.181250054215617,94.10187944071849
-1.2292619874353437,0.2524262417590096,-0.2804305575309543,-11.991874970139046,3.07125005558324,104.91687610459755
-1.2345626084447272,0.26930535362158103,-0.28153102575335176,-15.421875589235327,11.821250014482958,124.271876853797
-1.2399116422787353,0.28949617488911633,-0.2841138207827382,-18.46687466651727,18.051250825332826,138.621872073562
-1.2450337774527547,0.31223583901937096,-0.28775819823161053,-25.291874600308105,25.016250854088703,152.65687262918436
-1.2496788810395563,0.33775036974176836,-0.2927099163743698,-29.736874627240486,27.99125073766177,169.66687136083252
-1.25400307953783,0.3663730912981412,-0.29819028700771194,-40.37687501439465,30.231250549555178,187.69187718427955
-1.257806597135118,0.39871222625328007,-0.3042182669605562,-57.7018752403746,32.29624896208181,201.86688295750884
-1.9482133342342396,0.23277333266387534,-0.26734320031029,-74.74687869151906,34.291251595994154,213.90688087921885
-1.9498055134344539,0.27195141099157927,-0.27417949458753177,-87.73187426603535,35.341249746911046,223.39188261734552
-1.949880563034073,0.3136752699250232,-0.28081229459741186,-95.7468758608027,28.37624971815517,228.36188342728363
-1.9487896218333889,0.3568385354604925,-0.28571885660154006,-94.20687310863993,17.351250350507605,226.19187768645722
-1.946779225822861,0.399542316627308,-0.28815699644409554,-72.29687617585714,-3.5787499729447005,218.94687746777126
-1.9447388877440908,0.43943445981460244,-0.2868312336010792,-37.75187622200784,-19.853749700130237,224.44187393807323
-1.9422888877316473,0.47757404416829924,-0.2830449229715796,3.303124946064829,-47.5737497201887,239.94686780686575
-1.939946990251298,0.5150866435573006,-0.27564048281017306,60.248128781820334,-82.85375316081225,270.22187254824405
-1.9374843523529084,0.5532782862796453,-0.26447845890616783,108.54812568626733,-82.99375154823,301.47687283173576
-1.9318803248663075,0.592979621692778,-0.2555673640073257,123.8781301085241,-41.41374895682136,328.42688684363844
-3.5943438639820653,-1.9323362609054455,0.7433060112349483,136.8631256830404,67.15625041026293,357.82688971082473
-3.5710823766803643,-1.8874803206728623,0.7259901631984264,166.33312432884097,223.60625493463553,395.48688622811756
-3.5308277935063073,-1.8420010410196068,0.6833464362934824,216.38312498167195,364.41124671223037,454.88188340146826
-3.4696254283037873,-1.7975990925360164,0.6186608266879051,348.8581409909243,557.8212763073745,619.5218721369548
-3.3686856611059346,-1.7552608136129426,0.5236995086514379,277.1781196895785,707.5512626130468,783.7068883114484
-3.2229049247096193,-1.7072158486835818,0.42876361220862397,116.598132000531,625.6162586880604,766.3118718162867
-3.073437619768273,-1.6639703639785812,0.3707149828367398,17.478124529435178,460.1012680783819,653.7869094669145
-2.9476609069637565,-1.6324825850709377,0.34519262634650644,-7.581875393834749,271.1712415221191,517.391856647695
-2.8575807779450177,-1.6144081722341181,0.3370403635878568,14.433125452153234,143.28124954042627,417.5718930980036
-2.7942220005420366,-1.6082518691316656,0.3327380869609743,53.45812502978935,111.01124899532483,372.2118691595185
-1.8956568384510781,-3.546714977143858,0.9294688762388705,62.488123471071866,160.0812472758532,394.12188658286885
-1.8324625479944132,-3.5558900823408433,0.923175209037633,29.693123850511967,223.1862529421931,457.50688902404426
-1.7545077900395603,-3.5661707109146037,0.923131656938372,-22.561875309810688,249.64625552266077,500.97689033616007
-1.6695195624830768,-3.5768009228565396,0.9322562105915718,-71.21187330544393,234.07126587525397,502.3068647713449
-1.5880714984236628,-3.5880991928924963,0.9490692651964473,-111.8468748289517,170.58125610577878,456.4218724932527
-1.5212754104723136,-3.598126674889303,0.9691842105410514,-110.09687791075689,138.20625506256673,401.1218742556481
-1.4653941785402131,-3.6100198977098064,0.9886220568424579,-88.6768787490308,137.29625529906758,335.74188284093873
-1.4169884505743402,-3.6237808056441527,1.0070343873065788,-56.511875286945376,173.976256274247,270.5718787620722
-1.371133631279466,-3.6391970822084447,1.0265249238709304,-21.33687575952702,223.8512538201639,213.80187355091908
-1.3255430410153761,-3.6560715763819203,1.048742716222485,12.438125379561829,259.0962593714803,173.7268724072715
0.4084332395158898,-1.821276269070842,0.7521191868213338,35.398124732129745,273.90124081261655,144.6418778646062
0.45083976302307316,-1.8406651192605799,0.7784592631395438,42.923125140745796,273.13125992710263,117.27187552063938
0.4892982109606448,-1.858611500591313,0.8061814381077383,39.80812516220769,260.8112652305571,88.99187341317345
0.5227267802916049,-1.8733741068086613,0.8344934134915941,34.27812397240939,239.63625812417024,62.601873441509255
0.5507158090822801,-1.8845730236181788,0.8620395329871066,29.48312626938534,198.7212529956378,29.70187673793334
0.5714004314395387,-1.8911766106686216,0.885697072191462,30.183125036663267,171.80625053342058,12.236875563214696
0.5876637380057518,-1.8955071281098688,0.906403470598351,33.613126509533195,148.18125457175012,-0.18812500754735867
0.600449390003076,-1.898385455241383,0.9241337440794032,37.8831251370988,129.14125531688248,-8.238125091931451
0.6106746063076879,-1.9004178217305563,0.9392750980171102,39.10812639492976,112.72624802421251,-11.073124880539474
0.6190602324910606,-1.9020514143108713,0.9522737469998824,36.798125681780185,97.04625104850594,-8.903125116128587
0.3376463016117263,-0.6214006717538006,0.36423568453385313,29.868126957426036,84.41124802743943,-5.123125113393342
0.3438116942706093,-0.6229784632069376,0.37415919561512484,18.03812490929535,73.87624813839587,-2.2181250638593855
0.34923568048972964,-0.6240230330876497,0.3834680679741256,2.743124993091477,65.54625187948587,1.2818749623891836
0.3541587203528417,-0.6244087802525324,0.3926730180248451,-13.496875564126444,58.75625154254947,6.601875155966265
0.3588432930295985,-0.624385254341771,0.4020428924871633,-35.1968766233299,48.15124904470245,13.776874900282886
0.3631629224460302,-0.6238979180167817,0.4113730062160045,-42.30187503950353,43.14625034545719,16.821874831338473
0.3672636247920698,-0.6234287608046536,0.4204879356329837,-42.7568749212531,41.74624939580675,18.081875686023867
0.3712879165353882,-0.6231937447333068,0.4294613207273648,-40.76187570243534,43.63625153160849,16.646875139518993
0.37527594726749147,-0.6229588258764673,0.43861095572344266,-38.38187579557689,48.0112506572847,12.4818753025167
0.3791934002673103,-0.6223388889635496,0.44827874404331713,-34.46187655165024,53.64624893009901,8.2118749674038
0.5429510433496442,-0.36953917337120123,0.4470867483623166,-27.881875503387768,55.18625168226179,6.601875155966265
0.5467428952060587,-0.3688334203519831,0.45719185614318536,-21.686875143165985,49.761250990574105,5.201875060089473
0.550029717697159,-0.368332036530692,0.4661067667114382,-18.92187454826684,40.59125074677925,1.8068751050646865
0.5524869115831412,-0.36751434100634217,0.4734817994843929,-17.97687518791326,27.71125054773168,-4.948124994687037
0.5537143419520448,-0.36575490424635454,0.4788713717679365,-20.49687518973676,4.786249938244557,-18.668124482864403
0.5527069080131134,-0.3618004854301429,0.48099375889084994,-25.221875406599228,-12.608750335217918,-21.88812495951312
0.5504934308968795,-0.3571085730580865,0.4808444374076695,-30.541873892629017,-28.393750370356035,-18.283125502371004
0.547630366443008,-0.3526644118578305,0.47872623050856905,-37.366875533967146,-40.923751185764644,-10.898125188719993
0.5445573186534138,-0.34893419399903086,0.4752552837406823,-47.72687573119122,-49.88375043333828,-3.058124993319414
0.541498269752868,-0.3457606021052836,0.4712352694356842,-60.081875147233056,-52.998750411876394,2.0868750815513626
0.3394132238887744,-0.1881206193587588,0.015422036523848133,-68.23687512941815,-50.54875131130906,4.15187520162529
0.33677462773220984,-0.18476443431671483,0.01289125125585589,-69.39187377844566,-43.93375066619215,4.781875202081165
0.3339692114811546,-0.18065313558938184,0.010961713411756975,-63.44187742639411,-35.638748881494706,5.796875036804086
0.3318083274133587,-0.17713994911808242,0.009966552804369444,-54.09687407568519,-26.64375003706663,6.111875250475435
0.33028760087599446,-0.17433249136237436,0.009720357064685568,-44.471873950140775,-15.898750859349155,5.516875273760822
0.3294425151642188,-0.1721183823518432,0.010428030070422499,-43.036875111183186,-15.268749578232812,4.396874940927294
0.3286162890668552,-0.1699098631754806,0.011192306223022586,-43.91187698537518,-19.573749510200148,1.5268750218563047
0.32736173585042067,-0.16728677273282702,0.011445963176140118,-46.46687658405312,-24.89374970377723,-0.7131250034805161
0.32565231595442806,-0.1642284529410857,0.011158937343399095,-48.32187400035854,-28.603749659029955,1.0018749859025076
0.3238427651159382,-0.16130696256833946,0.01048040438621902,-48.88187438021872,-32.59375151176006,6.076875226734174
0.03269338461966325,0.05329658982707577,0.07805343067974126,-49.86187675252131,-37.07375113554688,11.641874732726436
0.031118315172730112,0.05481551789605532,0.07618052028613231,-51.43687397889665,-42.498751827234564,16.156875660914984
0.029504651566407244,0.055823097656747735,0.07357453959675982,-54.06187618637804,-47.39875002836922,18.74687485644736
0.027733694887307075,0.05668334883165894,0.07043229938160996,-56.72187628316659,-49.7087507415188,19.41187573441814
0.025848900020183287,0.05764878610344594,0.06719729222288919,-58.36687611834538,-47.78375071640991,19.16687514134249
0.024014267838815422,0.058809867571131776,0.06436888474086251,-55.32187533351615,-49.91875173774001,18.46687466651727
0.02191725370230174,0.05998159402736465,0.06098533381501955,-50.0368764443408,-52.7187502219463,15.246875897415846
0.019376066482030652,0.06134857582146725,0.056879746439989186,-43.91187698537518,-52.36875083830734,9.681875110763114
0.016452437390124273,0.06313722554089218,0.05251430468700226,-36.77187384970524,-49.18375166606035,4.11687517788403
0.013320817859894639,0.06527963885230512,0.04820473697207389,-29.176874247380308,-44.52874893535947,-2.043124945153081
0.010039876846484573,0.06780143177837407,0.04412877571813678,-22.03687452680495,-37.63375151540705,-5.578124995142911
-0.023483719665340692,0.014871243429232567,-0.0804085736367073,-15.666874474763686,-31.018750870290138,-4.528125136678728
-0.025883362563013664,0.016680502624200632,-0.08331951623541378,-12.621875397481743,-26.398751151538274,-1.7281250516468494
-0.027627779681626687,0.017820828794582418,-0.08561630618438565,-13.3568754691614,-21.953749417058603,1.8068751050646865
-0.028691014747736283,0.01841077503200457,-0.0871330226233246,-16.821874831338473,-16.073750551168636,7.371875251387183
-0.028842280521062292,0.018352932400173612,-0.08751770042862732,-18.74687485644736,-12.363749742142268,12.061875017621567
-0.028284220642027624,0.0176361698380061,-0.08721609241979444,-19.62187502309206,-15.268749578232812,18.74687485644736
-0.027444578942659555,0.016023381162248742,-0.08740138327066808,-19.7618751180571,-27.588751104967503,24.451875738065134
-0.027084788051220252,0.013714099149091528,-0.08941527900345828,-22.91187469344965,-41.09875087758412,27.35687472038203
-0.027499019066735752,0.011317712937412398,-0.09310403487490343,-27.461875218492636,-51.843751762848896,27.496874815347073
-0.055290848229395624,-0.08639283136490288,-0.14717979897781977,-33.166876100110414,-54.04875197788787,25.781875786459402
-0.056807637579215045,-0.08767718082781839,-0.15171541472579847,-38.97687406474421,-50.79375019683742,25.711874885203237
-0.05814773956205502,-0.08845907710986278,-0.15527565301862087,-43.841874376571724,-47.22375033654974,31.031875078780317
-0.05887125853247842,-0.08957237764722102,-0.15795760684543184,-49.09187537643993,-42.533749716541706,42.861875419363706
-0.0583860609266493,-0.09189390868829538,-0.15957620408799914,-52.10187485686743,-38.12374928646376,48.63687549469036
-0.05717608056180217,-0.09470472034450457,-0.16029126539628924,-55.1818769460984,-32.55875020735833,51.82187466693735
-0.05538252150975965,-0.09761887102195124,-0.15994634832446364,-58.261875620234775,-26.818749728886115,53.25687692098951
-0.05316855832098942,-0.1003913315550389,-0.15858507788266366,-58.47187661645599,-24.26375013020818,52.80187703923994
-0.0509427835695848,-0.10300047171589795,-0.15698910731666557,-54.131875380086925,-25.55875058174801,49.68687706070183
-0.04896626681484335,-0.10617851117335328,-0.15646995754416929,-46.991875659511564,-27.83374999049586,44.71687625076372
0.18869899706981474,-0.14456093736623282,0.13215070349239305,-39.22187636536715,-28.638750963431683,38.906874871035335
0.18959609254298468,-0.14728707518660208,0.13104902008865466,-31.38187446241928,-30.73875068036005,32.50187522213963
0.18934527911420504,-0.14879176133026525,0.12895927273656008,-25.011876117925308,-33.39875077714859,27.461875218492636
0.18848138239527087,-0.15004573125965612,0.1259368737052583,-20.426875996027885,-36.163751372047734,27.111875834853674
0.18737294258327658,-0.15161219722269506,0.12214273730792279,-15.771874972874292,-45.123750619621376,34.95187432270696
0.18617613478416575,-0.1546340615742068,0.11674995694563901,-16.2618744514783,-53.06874960558527,42.476874731323015
0.18493144884022003,-0.15868776070597704,0.11034653456568352,-20.776875379666848,-63.078750419170376,50.59687682420097
0.18353554573020195,-0.16355626323050557,0.10302108119144109,-28.861876168143077,-73.64874819752109,57.38687374604278
0.18202332546222463,-0.16938816152216826,0.0947748606115063,-40.55187470621413,-80.15875175962198,64.3868750792004
0.18033597325938436,-0.175233937184745,0.0864356057481056,-55.881875713376324,-83.06375415703346,73.9068747066342
-0.1930434161856026,-0.22187762790256074,-0.27542481242577477,-73.41687693557749,-83.23875043375836,86.43687722959011
-0.19376416454256856,-0.22778780817620978,-0.28170788324571894,-90.91687343828234,-79.63374926906894,100.57687828332307
-0.19345069636384768,-0.2343203800290853,-0.2865787675256758,-104.9518739939047,-75.39875194590506,113.84187746286405
-0.19211462878305977,-0.24158191486479189,-0.29015616417903295,-114.50687834083483,-75.08375045157325,122.80186988024852
-0.19036525372457552,-0.24927656463405284,-0.29322974664841706,-124.51687573932536,-83.93874920103629,120.70187357841473
-0.18968378002855027,-0.25580427576156445,-0.2970659769274044,-129.0318766675139,-92.4087506775532,107.57687961648068
-0.19070832372076285,-0.2600206876748928,-0.30191654337533996,-128.08687901470762,-95.87375345482486,89.34187279681242
-0.1932920908952221,-0.26162696297866245,-0.3073447584255269,-120.63187779980045,-91.70875191027528,70.79187814319067
-0.1967651277750153,-0.26112737762575605,-0.31261704140603847,-108.87187665292593,-83.41375354067242,55.1818769460984
-0.20055625052262518,-0.2593384362628093,-0.31739105142949187,-95.71187797149555,-75.50375244401567,43.59687549104336
0.07892354912714127,-0.026801116118980353,-0.13949234308209743,-85.49187274659465,-67.6637539561624,35.75687700319008
0.07521476706719665,-0.02417243584215823,-0.14338194412558086,-79.96187838698553,-60.103752243144605,30.436876809612997
0.07181566182018906,-0.02123104079904663,-0.14650758496361282,-78.10687414049093,-53.48875159802769,27.286875526673157
0.06879267950184362,-0.017974452019709937,-0.1487761340982202,-78.42187563482275,-49.043749863548015,25.886874577022716
0.06620910675639892,-0.013948459022514195,-0.14977895034805594,-80.31187777062449,-44.948750927801896,28.686876476323594
0.06405250012692326,-0.010622580603114447,-0.1506056625179559,-81.99187891020502,-43.05874879200015,34.25187555542903
0.06244150991955056,-0.007877340132064897,-0.15101099840605536,-83.84687632651044,-41.6587512574443,42.02187484957344
0.06219429342754025,-0.0061071611690229595,-0.15007657256209037,-86.43687722959011,-41.79874964486205,51.2968755914789
0.06248175672556403,-0.0055358072061179,-0.149221327934304,-91.47687381814251,-44.17874955172051,60.74687602520383
0.06306825184797779,-0.0058251904906604385,-0.1485538531273269,-99.31687913618497,-51.17875088487811,68.51687873444283
-0.20233901876435975,0.10925095137227687,-0.1447839717495575,-109.08187764914715,-60.103752243144605,73.24187382866342
-0.20250384596145116,0.10890929098644508,-0.14528569582162404,-118.39187628035974,-64.68874894994744,75.83187473174308
-0.202904953018484,0.10904979025308996,-0.14578605889058865,-124.93687773176778,-64.7587515587509,78.10687414049093
-0.20313505975721322,0.10944173484281176,-0.1458405476219185,-126.75687725876605,-62.69375314622427,79.89187577818207
-0.20301422212466552,0.10969575635033159,-0.1454707922434831,-122.69687621232708,-56.6037515765658,81.11687703601302
-0.20219392611224593,0.10929618042178839,-0.1445321861757051,-117.90187850930303,-52.018751454668376,80.48687404734939
